customerID,Churn_Probability,Risk_Level
7590-VHVEG,0.7443771749166488,High
5575-GNVDE,0.15740450260000333,Low
3668-QPYBK,0.5268932000658414,Medium
7795-CFOCW,0.07940992549204269,Low
9237-HQITU,0.8568910315962199,High
9305-CDSKC,0.909477998659925,High
1452-KIOVK,0.7586020438539938,High
6713-OKOMC,0.5226678589606492,Medium
7892-POOKP,0.8144593076053233,High
6388-TABGU,0.05711811637156807,Low
9763-GRSKD,0.45851293825770556,Medium
7469-LKBCI,0.09859788732823083,Low
8091-TTVAX,0.46523316465881487,Medium
0280-XJGEX,0.6750607563087705,High
5129-JLPIS,0.7049971495272082,High
3655-SNQYZ,0.14312659323043783,Low
8191-XWSZG,0.04569000186639095,Low
9959-WOFKT,0.17732642238223542,Low
4190-MFLUW,0.48042118076398627,Medium
4183-MYFRB,0.7860401987696665,High
8779-QRDMV,0.8291511685821439,High
1680-VDCWW,0.2028287671245913,Low
1066-JKSGK,0.4678808658812782,Medium
3638-WEABW,0.04803122730857292,Low
6322-HRPFA,0.1279728642292316,Low
6865-JZNKO,0.2719002832207074,Low
6467-CHFZW,0.7692631406346165,High
8665-UTDHZ,0.7431825145475602,High
5248-YGIJN,0.04470398712470539,Low
8773-HHUOZ,0.6540630975905244,High
3841-NFECX,0.07724784063040097,Low
4929-XIHVW,0.8759324984961353,High
6827-IEAUQ,0.1350044072475431,Low
7310-EGVHZ,0.4546594197687533,Medium
3413-BMNZE,0.6909059944626446,High
6234-RAAPL,0.09218451877056362,Low
6047-YHPVI,0.845785196291147,High
6572-ADKRS,0.5019430458938774,Medium
5380-WJKOV,0.8136781104860185,High
8168-UQWWF,0.864953636944808,High
8865-TNMNX,0.37924676648812633,Medium
9489-DEDVP,0.043143070056703134,Low
9867-JCZSP,0.1790474779094981,Low
4671-VJLCL,0.039450864350177514,Low
4080-IIARD,0.543155029787239,Medium
3714-NTNFO,0.7057103248827726,High
5948-UJZLF,0.6279926016252152,High
7760-OYPDY,0.8811246223637706,High
7639-LIAYI,0.08625670375965816,Low
2954-PIBKO,0.025465905822822897,Low
8012-SOUDQ,0.7495544601940796,High
9420-LOJKX,0.7196034893856278,High
6575-SUVOI,0.42941606028930207,Medium
7495-OOKFY,0.807617290041004,High
4667-QONEA,0.07617599304976978,Low
1658-BYGOY,0.9024255248407104,High
8769-KKTPH,0.35354381027127435,Medium
5067-XJQFU,0.4633289894281816,Medium
3957-SQXML,0.06163636968268154,Low
5954-BDFSG,0.1931356951008939,Low
0434-CSFON,0.783496717206097,High
1215-FIGMP,0.5225588258362567,Medium
0526-SXDJP,0.018388360864850753,Low
0557-ASKVU,0.2565277667910694,Low
5698-BQJOH,0.9106878364323152,High
5122-CYFXA,0.7177628826162661,High
8627-ZYGSZ,0.452390041790349,Medium
3410-YOQBQ,0.15504143995381664,Low
3170-NMYVV,0.024006002071311802,Low
7410-OIEDU,0.6814548246412806,High
2273-QCKXA,0.590536487181636,Medium
0731-EBJQB,0.06476943570508546,Low
1891-QRQSA,0.18708019501594453,Low
8028-PNXHQ,0.0195683871189661,Low
5630-AHZIL,0.5131940570068484,Medium
2673-CXQEU,0.5050325493314902,Medium
6416-JNVRK,0.19992102515006305,Low
5590-ZSKRV,0.47269355358420895,Medium
0191-ZHSKZ,0.5396082954400123,Medium
3887-PBQAO,0.07644057123951666,Low
5919-TMRGD,0.8869455554505183,High
8108-UXRQN,0.7086962313221673,High
9191-MYQKX,0.7660457029138363,High
9919-YLNNG,0.5779036691140578,Medium
0318-ZOPWS,0.025356738743326713,Low
4445-ZJNMU,0.8547755495962005,High
4808-YNLEU,0.19038703105473534,Low
1862-QRWPE,0.026774445993579216,Low
2796-NNUFI,0.030419655196626105,Low
3016-KSVCP,0.5013387293732273,Medium
4767-HZZHQ,0.5867534094803124,Medium
2424-WVHPL,0.8366011795764429,High
7233-PAHHL,0.06401258293112001,Low
6067-NGCEU,0.4878514978115725,Medium
9848-JQJTX,0.23221584076914253,Low
8637-XJIVR,0.7900035507158768,High
9803-FTJCG,0.043245714100142635,Low
0278-YXOOG,0.4223305056577379,Medium
3212-KXOCR,0.02237796754804564,Low
4598-XLKNJ,0.8386412278060518,High
6380-ARCEH,0.4676579089541269,Medium
3679-XASPY,0.5582467229610936,Medium
7123-WQUHX,0.44209608924018856,Medium
5386-THSLQ,0.10319122656816816,Low
3192-NQECA,0.19647739386507315,Low
6180-YBIQI,0.6718825522418477,High
6728-DKUCO,0.36252955042456564,Medium
9750-BOOHV,0.17747061512233053,Low
8597-CWYHH,0.5772596088077387,Medium
2848-YXSMW,0.009609820364156675,Low
0486-HECZI,0.5557112996976888,Medium
4549-ZDQYY,0.06796564962014716,Low
5712-AHQNN,0.6588177893553032,High
4846-WHAFZ,0.7494968911129323,High
5256-SKJGO,0.07689373931256445,Low
3071-VBYPO,0.8031265209474768,High
9560-BBZXK,0.07978271923572128,Low
5299-RULOA,0.8674161008054129,High
8402-OOOHJ,0.037012776990913224,Low
9445-ZUEQE,0.5889564430490476,Medium
1091-SOZGA,0.4823667865308892,Medium
2928-HLDBA,0.41237207292519934,Medium
0404-SWRVG,0.8825656034816937,High
6497-TILVL,0.512956008145659,Medium
7219-TLZHO,0.4320718343556827,Medium
4622-YNKIJ,0.26762507967130494,Low
4412-YLTKF,0.8058406398083426,High
6734-PSBAW,0.013280195418511949,Low
3930-ZGWVE,0.4696649756406511,Medium
2639-UGMAZ,0.12525342442845788,Low
2876-GZYZC,0.8774088348269093,High
6207-WIOLX,0.4629946975347975,Medium
8587-XYZSF,0.028018151848912796,Low
3091-FYHKI,0.8115065327458184,High
2372-HWUHI,0.7368969603656336,High
7799-LGRDP,0.04321871634081289,Low
7850-VWJUU,0.582571069887677,Medium
3774-VBNXY,0.014222869245770974,Low
6217-KDYWC,0.01943316523052629,Low
0390-DCFDQ,0.835849722028652,High
3146-MSEGF,0.05436079568609151,Low
4080-OGPJL,0.6240151229624734,High
1095-WGNGG,0.2612180506629995,Low
2636-SJDOU,0.18584888734692365,Low
1131-QQZEB,0.016181938401371693,Low
5716-EZXZN,0.107040290392603,Low
6837-BJYDQ,0.28510387013138727,Low
2135-RXIHG,0.7399682028130183,High
6440-DKQGE,0.26678924940341814,Low
3466-BYAVD,0.48650443675991273,Medium
3780-YVMFA,0.7230139746680176,High
3874-EQOEP,0.8820592566560453,High
1679-JRFBR,0.31630452537304965,Medium
9073-ZZIAY,0.0639173143024216,Low
3077-RSNTJ,0.41680980463491224,Medium
6551-GNYDG,0.781075717729438,High
9167-APMXZ,0.7822595815193253,High
2749-CTKAJ,0.14843835246798798,Low
6371-NZYEG,0.1900744574542088,Low
7554-NEWDD,0.14886816554177604,Low
8992-VONJD,0.5103275059609464,Medium
0867-MKZVY,0.736505379830424,High
4482-EWFMI,0.8586736265448626,High
4648-YPBTM,0.0797364806839461,Low
2907-ILJBN,0.21804863259913432,Low
6345-FZOQH,0.011541919741498019,Low
3376-BMGFE,0.7884124080820146,High
5997-OPVFA,0.044613068889044906,Low
3445-HXXGF,0.3277217149682922,Medium
1159-WFSGR,0.3954044975482157,Medium
7654-YWJUF,0.20712432290269844,Low
1875-QIVME,0.892032783587351,High
6727-IOTLZ,0.22684710463294672,Low
0691-JVSYA,0.43199213035430595,Medium
5918-VUKWP,0.0973520196917207,Low
1744-JHKYS,0.28352789937258005,Low
2656-FMOKZ,0.8100880376473255,High
2070-FNEXE,0.7194542345147144,High
5947-SGKCL,0.8262226551465844,High
3712-PKXZA,0.030326214306155116,Low
6317-YPKDH,0.6602874792568155,High
6582-OIVSP,0.668610362168926,High
9367-WXLCH,0.8467293840749787,High
5524-KHNJP,0.25542787475441636,Low
1918-ZBFQJ,0.7845655552686296,High
1024-GUALD,0.7738133282389159,High
4827-USJHP,0.4571393887459532,Medium
8167-GJLRN,0.6852562003190237,High
0956-SYCWG,0.26864865224004836,Low
8017-UVSZU,0.3454652903309219,Medium
7100-FQPRV,0.15245848229538853,Low
2472-OVKUP,0.8462647872707437,High
2984-RGEYA,0.011017372360060838,Low
9680-NIAUV,0.17539519944788426,Low
2146-EGVDT,0.01698835369255186,Low
2604-IJPDU,0.638495421379846,High
9178-JHUVJ,0.09098236343503657,Low
6168-YBYNP,0.6393406690629874,High
7255-SSFBC,0.17570348858852908,Low
3645-DEYGF,0.46520625455751763,Medium
9323-HGFWY,0.42109400750409237,Medium
8544-GOQSH,0.6267249708808211,High
3363-DTIVD,0.2485646214369052,Low
7018-WBJNK,0.7883213400475281,High
9142-KZXOP,0.5106902844139616,Medium
7674-YTAFD,0.32015326324921806,Medium
6348-SNFUS,0.021706502864864873,Low
1285-OKIPP,0.8884807190153609,High
7825-ECJRF,0.7257551937511533,High
1347-KTTTA,0.28577768719693114,Low
7841-TZDMQ,0.6450937148099971,High
4195-NZGTA,0.7723995144545008,High
7157-SMCFK,0.015953178643744573,Low
4709-LKHYG,0.1547517578130433,Low
2504-DSHIH,0.8579352220473444,High
0699-NDKJM,0.22386254442469358,Low
9286-BHDQG,0.013845683981927356,Low
0230-WEQUW,0.02522169999204627,Low
2040-LDIWQ,0.0751369592492251,Low
6496-JDSSB,0.8073090446943981,High
9408-SSNVZ,0.8494713836828017,High
4443-EMBNA,0.013943707495903021,Low
6469-MRVET,0.3787982914710007,Medium
0742-MOABM,0.5584041349213366,Medium
5961-VUSRV,0.20474447728408013,Low
6778-JFCMK,0.34645453687151834,Medium
6341-JVQGF,0.21626326846952645,Low
2232-DMLXU,0.7150312110155845,High
4811-JBUVU,0.6784339751280334,High
0945-TSONX,0.08949849301311782,Low
2651-ZCBXV,0.18462735939512084,Low
3316-UWXUY,0.3639849702548185,Medium
8937-RDTHP,0.7868468265914174,High
7083-MIOPC,0.00988069783215114,Low
1984-GPTEH,0.328149892201203,Medium
1251-KRREG,0.6810640153791289,High
0621-JFHOL,0.22212892951252092,Low
9903-LYSAB,0.8268497795312625,High
0094-OIFMO,0.8840825864718184,High
9227-UAQFT,0.10124380163084548,Low
7301-ABVAD,0.0651171493315627,Low
6614-FHDBO,0.17867854899876354,Low
7576-ASEJU,0.1682053244040244,Low
9058-HRZSV,0.47020685968525955,Medium
4522-AKYLR,0.6424314243472647,High
0221-WMXNQ,0.8109530785782835,High
0303-UNCIP,0.28179226505220223,Low
9947-OTFQU,0.8007509805975466,High
0322-YINQP,0.5765801648626033,Medium
0959-WHOKV,0.4862967401148927,Medium
4075-JFPGR,0.34070553338496434,Medium
4629-NRXKX,0.8574391201710944,High
9514-JDSKI,0.8073206615306465,High
3282-ZISZV,0.30446251793802537,Medium
3675-YDUPJ,0.37522379701852987,Medium
4111-BNXIF,0.07379424308623458,Low
7017-VFHAY,0.16301668185714902,Low
6655-LHBYW,0.339118588827724,Medium
4959-JOSRX,0.6506898290393216,High
5046-NUHWD,0.5209343963665602,Medium
7273-TEFQD,0.8142807504396652,High
3606-TWKGI,0.8947164631028175,High
7529-ZDFXI,0.6685944567516446,High
7605-BDWDC,0.08430149954505659,Low
1950-KSVVJ,0.37240773490569723,Medium
0123-CRBRT,0.06709325670729668,Low
6292-TOSSS,0.03198233990677843,Low
3197-ARFOY,0.6703149082313538,High
6323-AYBRX,0.017534558185892373,Low
7014-ZZXAW,0.01375522500647538,Low
4385-GZQXV,0.8444734336749512,High
7633-MVPUY,0.03897167285923496,Low
6366-ZGQGL,0.6958243365303985,High
4716-HHKQH,0.8416327911309767,High
5940-AHUHD,0.8132262032794929,High
6432-TWQLB,0.8054717272930274,High
4484-GLZOU,0.7490654879317934,High
3179-GBRWV,0.4495247989656651,Medium
8645-KWHJO,0.6939953304614264,High
4130-MZLCC,0.5837275112594651,Medium
0314-TKOSI,0.4854315546652378,Medium
8229-MYEJZ,0.6335776661496435,High
2080-SRCDE,0.5254916958929675,Medium
9577-WJVCQ,0.1359041780858263,Low
9512-UIBFX,0.8097109100021987,High
6202-DYYFX,0.5761802999149965,Medium
3808-HFKDE,0.5898532964406381,Medium
5583-SXDAG,0.862002565502597,High
3488-PGMQJ,0.834624550468387,High
3580-REOAC,0.5785428222569887,Medium
7534-BFESC,0.8128024768123011,High
3727-OWVYD,0.1365413737031767,Low
2294-SALNE,0.38414949902035644,Medium
4847-TAJYI,0.9106919334397551,High
1563-IWQEX,0.3553853751395152,Medium
8203-XJZRC,0.4674349649420165,Medium
6556-DBKZF,0.14212570447581377,Low
6851-WEFYX,0.8491952383023676,High
2985-JUUBZ,0.6230456595996072,High
6390-DSAZX,0.7469540071483153,High
0895-LMRSF,0.41880632432458054,Medium
8098-LLAZX,0.9304592362244908,High
8266-VBFQL,0.828565887627704,High
8181-YHCMF,0.04776438688782481,Low
2240-HSJQD,0.6072083691656469,High
1248-DYXUB,0.03098308391437486,Low
0265-EDXBD,0.7755059516468203,High
4115-BNPJY,0.17376535998699885,Low
3167-SNQPL,0.8225790689749699,High
4091-TVOCN,0.2207741148999309,Low
1098-TDVUQ,0.45888145290478904,Medium
7277-OZCGZ,0.6689160919678762,High
1557-EMYVT,0.22460590879078726,Low
2799-ARNLO,0.8661576691622138,High
7563-BIUPC,0.8722255560570703,High
5027-YOCXN,0.33184412370486743,Medium
3973-SKMLN,0.009961140154338207,Low
2321-OMBXY,0.1601754649299714,Low
2840-XANRC,0.8584339050951137,High
6745-JEFZB,0.6379737105587723,High
5020-ZSTTY,0.1552627051806433,Low
9880-TDQAC,0.060704801754297724,Low
8705-WZCYL,0.7428868773468823,High
7102-JJVTX,0.3308957167478202,Medium
8626-PTQGE,0.03241953537591441,Low
4983-CLMLV,0.5791911720202807,Medium
5701-YVSVF,0.8293736694453642,High
5804-LEPIM,0.8751439378577122,High
5697-GOMBF,0.6247793728012515,High
2739-CACDQ,0.7799283527753711,High
9385-EHGDO,0.04822955790740579,Low
9498-FIMXL,0.24492375410024833,Low
2379-GYFLQ,0.4413599538638509,Medium
0122-OAHPZ,0.8697567369498163,High
2868-SNELZ,0.8357425829457538,High
4322-RCYMT,0.0994017307190996,Low
6680-NENYN,0.4820461920346572,Medium
2088-IEBAU,0.07729521239336741,Low
7982-VCELR,0.6950338592657397,High
1343-EHPYB,0.6931039777416307,High
6035-BXTTY,0.31364136781250435,Medium
6885-PKOAM,0.049058919018290195,Low
7520-HQWJU,0.13035667736941647,Low
9639-BUJXT,0.02962895856229522,Low
5924-SNGKP,0.0690824080798557,Low
0021-IKXGC,0.9066178230198151,High
2034-GDRCN,0.9048362763569108,High
8966-SNIZF,0.010413554099497822,Low
6243-OZGFH,0.7011684074076779,High
4654-DLAMQ,0.23648277390903386,Low
0513-RBGPE,0.07338281608928782,Low
5160-UXJED,0.3502633461124257,Medium
4115-NZRKS,0.9072132038336622,High
0219-YTZUE,0.7989564079263874,High
0623-IIHUG,0.5907631689082425,Medium
4572-DVCGN,0.8032102540305639,High
3351-NGXYI,0.624904290567166,High
8984-EYLLL,0.280675505888539,Low
9057-MSWCO,0.3730513725925769,Medium
9833-TGFHX,0.5852472212660419,Medium
9294-TDIPC,0.424522796675387,Medium
5229-DTFYB,0.2534176933086098,Low
0104-PPXDV,0.10033225164624922,Low
5176-LMJXE,0.028867650580234168,Low
3583-KRKMD,0.6299890130628919,High
1010-DIAUQ,0.8466189671230941,High
9069-LGEUL,0.4316418466642518,Medium
7302-ZHMHP,0.47234258046718236,Medium
9571-EDEBV,0.39015515407955276,Medium
3520-FJGCV,0.13359425475257972,Low
6563-VRERX,0.09840851784458975,Low
0259-GBZSH,0.9042371156642599,High
6122-EFVKN,0.09577530362607507,Low
2805-EDJPQ,0.3133718671764828,Medium
6862-CQUMB,0.6836203128818984,High
7156-MXBJE,0.2405740801382496,Low
6158-HDPXZ,0.7047360192304671,High
9601-BRXPO,0.7526626368446147,High
2863-IMQDR,0.08653466775320655,Low
5686-CMAWK,0.6091229445370274,High
5651-CRHKQ,0.25692106336513026,Low
6905-NIQIN,0.6307435932758138,High
8204-YJCLA,0.03524086187534204,Low
5167-ZFFMM,0.8494262503452774,High
6583-SZVGP,0.33017234775604304,Medium
4895-TMWIR,0.4012535283081993,Medium
0533-BNWKF,0.6190306447595619,High
1708-PBBOA,0.15788500299649916,Low
8782-LKFPK,0.6742289903992469,High
5522-JBWMO,0.7456142218480692,High
3597-MVHJT,0.8056117920511132,High
9774-NRNAU,0.5473407483504135,Medium
0224-RLWWD,0.7660958596755623,High
9967-ATRFS,0.28964886491373915,Low
3951-NJCVI,0.827807150648142,High
2977-CEBSX,0.054059288432709914,Low
0177-PXBAT,0.6696107029971038,High
6599-CEBNN,0.5640282757338325,Medium
2519-ERQOJ,0.5759217846477087,Medium
5876-QMYLD,0.14268360376595515,Low
2277-AXSDC,0.0980581266186411,Low
9442-JTWDL,0.2109384113416852,Low
0979-PHULV,0.5885048988511039,Medium
3067-SVMTC,0.039071335070919234,Low
5495-GPSRW,0.08770421324211566,Low
7606-BPHHN,0.00975627726666609,Low
4742-DRORA,0.2951206829571955,Low
0111-KLBQG,0.7472371788049919,High
4800-VHZKI,0.4689958411517119,Medium
7989-CHGTL,0.4703342192066641,Medium
0334-GDDSO,0.8781544525916,High
4163-NCJAK,0.07283380713303769,Low
5233-AOZUF,0.7673020112706503,High
5973-EJGDP,0.5327199775454231,Medium
1996-DBMUS,0.5253674525535403,Medium
7916-VCCPB,0.6972751992575098,High
4686-GEFRM,0.13541772569249033,Low
5249-QYHEX,0.051090145449195476,Low
0578-SKVMF,0.7911243535504986,High
5564-NEMQO,0.8219532224037929,High
2233-FAGXV,0.4891396026464385,Medium
5605-IYGFG,0.7764304218617779,High
7663-ZTEGJ,0.46972148946949227,Medium
3935-TBRZZ,0.08236029489094769,Low
8111-BKVDS,0.46055789725078244,Medium
2055-SIFSS,0.28252741593312086,Low
2806-MLNTI,0.5189432623549152,Medium
8734-DKSTZ,0.8842268420084454,High
4360-PNRQB,0.7568712853203714,High
6152-ONASV,0.05248724119806464,Low
9063-ZGTUY,0.06352560379773455,Low
7781-HVGMK,0.030462024295210686,Low
2181-UAESM,0.6409158538006133,High
2957-LOLHO,0.5575431863995827,Medium
6048-NJXHX,0.053223041539382836,Low
2320-SLKMB,0.4278784612989693,Medium
4980-URKXC,0.08266284379745625,Low
4376-KFVRS,0.13908511957231187,Low
5886-VLQVU,0.6471111986621717,High
3577-AMVUX,0.5744105743617582,Medium
0771-WLCLA,0.7880066586257282,High
5628-RKIFK,0.6513974229903292,High
0206-TBWLC,0.3202191552045659,Medium
2937-FTHUR,0.633761403633779,High
1910-FMXJM,0.7367503791776445,High
7752-XUSCI,0.7040070403572379,High
4110-PFEUZ,0.8160659030043295,High
0732-OCQOC,0.029572282035303096,Low
5168-MSWXT,0.8867870215693505,High
1090-ESELR,0.09831818424522183,Low
8592-PLTMQ,0.03841234193341965,Low
5760-WRAHC,0.4019910498441668,Medium
8847-GEOOQ,0.21191299893073992,Low
0256-LTHVJ,0.7759423656350644,High
4785-FCIFB,0.021481429414310402,Low
8313-NDOIA,0.8531404500865887,High
5149-CUZUJ,0.4260151443083183,Medium
0942-KOWSM,0.14714774420317356,Low
4237-CLSMM,0.45780379980050445,Medium
1452-VOQCH,0.8874963522618519,High
4719-UMSIY,0.41637628039610414,Medium
6614-VBEGU,0.5522201118793015,Medium
0880-TKATG,0.9149446148122905,High
3811-VBYBZ,0.9009977029810176,High
1480-BKXGA,0.15211184151657622,Low
2996-XAUVF,0.03516182077954365,Low
9076-AXYIK,0.33644886673571195,Medium
5968-XQIVE,0.36804318293639116,Medium
8896-RAZCR,0.03294747885444157,Low
4640-UHDOS,0.703079650900005,High
4933-IKULF,0.20007185887096993,Low
3583-EKAPL,0.7856576490274192,High
1304-BCCFO,0.6994679184865167,High
4104-PVRPS,0.2966428131152565,Low
9399-APLBT,0.8425290056968489,High
2359-KMGLI,0.7685836293767704,High
3780-DDGSE,0.5254867742473531,Medium
4431-EDMIQ,0.5223989150783059,Medium
0306-JAELE,0.8581473461785208,High
6227-HWPWX,0.7283410873604327,High
0486-LGCCH,0.12359009810978185,Low
0447-BEMNG,0.23567059507741267,Low
4612-SSVHJ,0.8384451906508963,High
5168-MQQCA,0.31247389188398544,Medium
5949-XIKAE,0.8470849463735801,High
7971-HLVXI,0.1752796197410333,Low
9094-AZPHK,0.8790928392479193,High
3649-JPUGY,0.061100066740940776,Low
4472-LVYGI,0.2291315019131011,Low
8372-JUXUI,0.8888306492045582,High
3552-CTCYF,0.26367689340588163,Low
6778-YSNIH,0.7495261165150272,High
0388-EOPEX,0.7998060898705224,High
5756-OZRIO,0.1711853294664874,Low
6579-JPICP,0.4667662112785415,Medium
8205-OTCHB,0.34505312786054854,Medium
4134-BSXLX,0.23972867376071236,Low
0505-SPOOW,0.010556274165550049,Low
6235-VDHOM,0.7467665961243954,High
7783-YKGDV,0.7318227271034133,High
4374-YMUSQ,0.4127557863032889,Medium
4513-CXYIX,0.10607085705278672,Low
3957-HHLMR,0.09087073021832485,Low
7803-XOCCZ,0.2934082987164375,Low
5736-YEJAX,0.03453256256184862,Low
5609-CEBID,0.850216896842178,High
8981-FJGLA,0.8020300491028629,High
7218-HKQFK,0.8715323593038871,High
4636-QRJKY,0.8256339539470732,High
1135-LMECX,0.46921887371426396,Medium
4332-MUOEZ,0.44136006517564197,Medium
8535-SFUTN,0.6282207327045534,High
5956-VKDTT,0.8909101797572394,High
8677-HDZEE,0.5617595550202893,Medium
2475-MROZF,0.4741887082608976,Medium
9412-GHEEC,0.6778358056988197,High
3482-ABPKK,0.1505571222414566,Low
6705-LXORM,0.8637028437422349,High
0257-ZESQC,0.5811591608767518,Medium
7531-GQHME,0.34408362378521296,Medium
5174-ITUMV,0.48935277142631023,Medium
4109-CYRBD,0.5979461977107688,Medium
0913-XWSCN,0.585132978140468,Medium
6825-UYPFK,0.7266915623373114,High
8397-MVTAZ,0.8381007212970412,High
0750-EBAIU,0.36114266047867166,Medium
8606-CIQUL,0.15256883916731115,Low
3571-DPYUH,0.2908178479006412,Low
7601-GNDYK,0.04792495590081199,Low
0356-OBMAC,0.20846538572649018,Low
8067-NIOYM,0.06956485805678646,Low
1403-GYAFU,0.01041942958377546,Low
4234-XTNEA,0.8831164782374206,High
1297-VQDRP,0.381024234390727,Medium
9282-IZGQK,0.9095959202157724,High
5348-CAGXB,0.8726323702144394,High
0621-HJWXJ,0.4049386255159574,Medium
5844-QVTAT,0.15259419105542163,Low
8905-IAZPF,0.31401651849015844,Medium
5394-MEITZ,0.0681686047528842,Low
6859-QNXIQ,0.135647165413277,Low
2782-LFZVW,0.7001462300224833,High
2866-IKBTM,0.47055732422177543,Medium
1342-JPNKI,0.8317816903832259,High
2817-NTQDO,0.45016523932772595,Medium
7129-AZJDE,0.4924502399000383,Medium
6986-IJDHX,0.5998954510161091,Medium
2560-PPCHE,0.3303373122520253,Medium
4676-MQUEA,0.36556306441576847,Medium
8138-EALND,0.3278194061478814,Medium
3580-HYCSP,0.16899917489404637,Low
1352-HNSAW,0.12974287410599603,Low
2075-PUEPR,0.02026278137658726,Low
1982-FEBTD,0.09128846174875695,Low
5301-GAUUY,0.6402330697015478,High
5791-KAJFD,0.1389181995253977,Low
2654-VBVPB,0.45599201840434483,Medium
1154-HYWWO,0.12746506399987895,Low
2501-XWWTZ,0.8183318699745564,High
3716-UVSPD,0.6708145354507336,High
6815-ABQFQ,0.48194072686912753,Medium
7343-EOBEU,0.513532176633234,Medium
3701-SFMUH,0.6238338823211905,High
6103-LIANB,0.30371909375329853,Medium
7319-VENRZ,0.5686484123345806,Medium
5846-NEQVZ,0.02632016616687228,Low
6967-QIQRV,0.6066290628383892,High
5781-RFZRP,0.032639130092508795,Low
0939-YAPAF,0.8325262426871152,High
0308-IVGOK,0.2983907465184223,Low
7293-LSCDV,0.015932299509326876,Low
7025-WCBNE,0.07803408152750516,Low
5756-JYOJT,0.3635880261503813,Medium
4710-FDUIZ,0.45752380136621884,Medium
6030-REHUX,0.8155669791001059,High
9548-LIGTA,0.04579662859470339,Low
5150-LJNSR,0.46589091748741485,Medium
8270-RKSAP,0.8262324722431624,High
6522-YRBXD,0.7279126305350115,High
2640-LYMOV,0.4594212283833481,Medium
1218-VKFPE,0.3589453145530793,Medium
3627-FHKBK,0.7411556394858828,High
2865-TCHJW,0.910269550541688,High
1423-BMPBQ,0.47301223643400275,Medium
2393-DIVAI,0.44739773931399346,Medium
5192-EBGOV,0.9186982192077906,High
4568-KNYWR,0.05756696919917202,Low
8752-IMQOS,0.26553386582609995,Low
0742-LAFQK,0.18244966470752944,Low
0795-LAFGP,0.07237829083926373,Low
0619-OLYUR,0.14208809476609285,Low
5512-IDZEI,0.10655391303283483,Low
0459-SPZHJ,0.07965899601455897,Low
0215-BQKGS,0.48652037502309975,Medium
9244-ZVAPM,0.6674187217964269,High
0719-SYFRB,0.4484280596619261,Medium
8208-EUMTE,0.13815610088137414,Low
5172-MIGPM,0.6707240141040152,High
1710-RCXUS,0.41011551931268103,Medium
0374-FIUCA,0.013215431468302345,Low
5839-SUYVZ,0.6472220758391468,High
5173-ZXXXL,0.292871510547718,Low
1096-ADRUX,0.2545191837420487,Low
2001-MCUUW,0.3718257278768209,Medium
2731-GJRDG,0.46808965201233715,Medium
4723-BEGSG,0.04811786055235716,Low
6516-NKQBO,0.09539715841080432,Low
8672-OAUPW,0.09614605056370219,Low
8207-DMRVL,0.13401473623110582,Low
3419-SNJJD,0.5531208300144784,Medium
6543-CPZMK,0.6764060388444664,High
4765-OXPPD,0.36986586523655274,Medium
2804-ETQDK,0.013098037557738756,Low
6689-VRRTK,0.48034530794692337,Medium
7138-GIRSH,0.09367080113572723,Low
9396-ZSFLL,0.6055274939587921,High
6464-KEXXH,0.6280131724080947,High
7134-MJPDY,0.40150730948931906,Medium
5240-CAOYT,0.30035967357892024,Medium
4059-IIEBK,0.7929778537175018,High
4881-JVQOD,0.7055374116472972,High
0516-UXRMT,0.27297028105636106,Low
4851-BQDNX,0.5365558944735042,Medium
5148-HKFIR,0.08749177914745297,Low
1009-IRMNA,0.39280152719701966,Medium
3003-CMDUU,0.7842495336576849,High
5016-IBERQ,0.7753560051793389,High
6797-UCJHZ,0.4337404942848503,Medium
2469-DTSGX,0.26904457613992205,Low
4554-YGZIH,0.6435589313321826,High
5099-BAILX,0.6674551150825235,High
9931-KGHOA,0.24309932630109155,Low
1775-KWJKQ,0.0468237442663122,Low
7665-VIGUD,0.22482311832993013,Low
9411-TPQQV,0.17109886686667852,Low
7207-RMRDB,0.6822595107621128,High
7954-MLBUN,0.33378910981564713,Medium
2077-DDHJK,0.025326394691497223,Low
4913-EHYUI,0.4310781938857734,Medium
0195-IESCP,0.8854478628775962,High
9574-BOSMD,0.015134322327931481,Low
4580-TMHJU,0.44968009858846086,Medium
0970-ETWGE,0.9086974171958205,High
4908-XAXAY,0.38716717653529703,Medium
8404-VLQFB,0.4687735142227501,Medium
1626-ERCMM,0.8982619623898045,High
0887-HJGAR,0.6670210309073878,High
2391-IPLOP,0.23277128939864633,Low
5644-PDMZC,0.9071745406374854,High
3509-GWQGF,0.7016653825070519,High
9576-ANLXO,0.7983622031441219,High
2024-BASKD,0.8085504468616772,High
5845-BZZIB,0.04720829747723238,Low
1140-UKVZG,0.3672483560913037,Medium
4160-AMJTL,0.5214309746716188,Medium
5183-SNMJQ,0.7803214949918834,High
8100-PNJMH,0.052209161101249006,Low
7838-LAZFO,0.17744427398775506,Low
4464-JCOLN,0.2927251721257685,Low
2085-JVGAD,0.15004865553107757,Low
5650-VDUDS,0.6821771334403252,High
8095-WANWK,0.5893061285304682,Medium
3030-ZKIWL,0.4683268181275146,Medium
9565-FLVCG,0.05314416991215502,Low
8755-OGKNA,0.018482424660832688,Low
2800-VEQXM,0.7987788402648455,High
7538-GWHML,0.8590409800254583,High
5533-RJFTJ,0.2344548292029769,Low
3859-CVCET,0.6423297058977601,High
0214-JHPFW,0.04497819772803368,Low
5642-MHDQT,0.04227104157803515,Low
3088-FVYWK,0.028370155181174146,Low
3276-HDUEG,0.8476321136522326,High
9092-GDZKO,0.3037784330550188,Medium
0823-HSCDJ,0.456829046774733,Medium
3729-OWRVL,0.2573840943331563,Low
2324-AALNO,0.06846747766594838,Low
0822-GAVAP,0.8072253474060532,High
5760-IFJOZ,0.865658103854205,High
2826-UWHIS,0.5491852010207552,Medium
1448-PWKYE,0.8883031286222517,High
7501-IWUNG,0.07317576725339527,Low
4957-TREIR,0.5081427536516919,Medium
7251-LJBQN,0.5530138932097319,Medium
8040-MNRTF,0.8118621426335629,High
1536-HBSWP,0.668437106978928,High
5313-FPXWG,0.0606975034316045,Low
0067-DKWBL,0.6818134674149655,High
0946-FKYTX,0.11293292601095095,Low
5076-YVXCM,0.6105910750325179,High
8262-COGGB,0.4665433198091012,Medium
6663-JOCQO,0.1887178514971303,Low
9620-QJREV,0.054316556711786285,Low
2276-YDAVZ,0.8333978126428436,High
2682-KEVRP,0.1691251740814561,Low
2480-JZOSN,0.4656518883747951,Medium
0078-XZMHT,0.0662808015349457,Low
5896-NPFWW,0.7185784565932469,High
9978-HYCIN,0.4012728869494605,Medium
8338-QIUNR,0.0239071419521985,Low
1525-LNLOJ,0.0757012309880711,Low
9450-TRJUU,0.7869793887757418,High
1766-GKNMI,0.8193269138398419,High
6942-LBFDP,0.45509754205164665,Medium
1456-TWCGB,0.6114192785118829,High
7133-VBDCG,0.5327523629003398,Medium
7596-ZYWBB,0.020486649678841475,Low
8329-UTMVM,0.6072604720063607,High
3014-WJKSM,0.6281921538998875,High
3347-YJZZE,0.5681089140338941,Medium
1029-QFBEN,0.47055732422177543,Medium
7929-DMBCV,0.6237259691707737,High
9661-JALZV,0.02378798516236887,Low
5433-KYGHE,0.6306144699208829,High
4312-KFRXN,0.013491449418426752,Low
5575-TPIZQ,0.5598476723676322,Medium
0114-IGABW,0.043604240993903295,Low
9944-AEXBM,0.7283270365718039,High
1853-ARAAQ,0.5773062785257161,Medium
6952-OMNWB,0.44673705174940864,Medium
4697-LUPSU,0.29136285424457914,Low
8434-VGEQQ,0.015509112789169596,Low
4952-YSOGZ,0.9014606638681781,High
1589-AGTLK,0.7266272920775997,High
5244-IRFIH,0.8611164639579433,High
6549-YMFAW,0.4177885514571106,Medium
4950-HKQTE,0.10062690504614624,Low
6786-OBWQR,0.8702937465524986,High
2684-EIWEO,0.5887446016520369,Medium
2753-JMMCV,0.05541547124901368,Low
6439-GTPCA,0.5920643076305314,Medium
6621-YOBKI,0.4243280320984202,Medium
1216-JWVUX,0.7156653832382308,High
7564-GHCVB,0.09193810721873136,Low
1173-NOEYG,0.7557702554369513,High
7595-EHCDL,0.5262451580471234,Medium
6647-ZEDXT,0.5383295038911676,Medium
2521-NPUZR,0.07533057845190774,Low
1307-TVUFB,0.607643683971923,High
7503-MIOGA,0.05571564965864905,Low
4381-MHQDC,0.0539094712240952,Low
6923-JHPMP,0.7885305144014088,High
5138-WVKYJ,0.8695672643307116,High
4018-PPNDW,0.022207439696408964,Low
1635-FJFCC,0.6264021390473478,High
2499-AJYUA,0.197771037294528,Low
6919-ELBGL,0.14896927643325036,Low
3966-HRMZA,0.820479006146917,High
6425-JWTDV,0.027690510815664777,Low
8405-IGQFX,0.23634540611860502,Low
8224-IVVPA,0.3120065818230108,Medium
9477-LGWQI,0.04719163961842567,Low
1410-RSCMR,0.4633405672109055,Medium
3115-CZMZD,0.18238964424952922,Low
0139-IVFJG,0.8071490474310611,High
6683-VLCTZ,0.8942187716706347,High
5730-DBDSI,0.012357366950635329,Low
0030-FNXPP,0.4478324079713636,Medium
2189-WWOEW,0.7481012139119197,High
5684-FJVYR,0.06559177835641675,Low
4013-GUXND,0.46498345843214667,Medium
1894-IGFSG,0.8459436685519771,High
7379-POKDZ,0.853472821892384,High
1266-NZYUI,0.023514895146013237,Low
7969-FFOWG,0.013693654709627528,Low
4718-DHSMV,0.6631577501291741,High
5175-WLYXL,0.7137958460235097,High
7817-OMJNA,0.1887692351578902,Low
8728-SKJLR,0.5617979339977626,Medium
3137-NYQQI,0.29660870682159796,Low
7706-DZNKK,0.3517524211228187,Medium
0236-HFWSV,0.8988142613293384,High
3900-AQPHZ,0.4689958411517119,Medium
5842-POCOP,0.7613112339860404,High
2037-XJFUP,0.6533091900260362,High
8823-RLPWL,0.1709840207141442,Low
9505-SQFSW,0.7045664623172769,High
7314-OXENN,0.8636579395534114,High
3758-CKOQL,0.2182620948565204,Low
0322-CHQRU,0.7337121941528248,High
5676-CFLYY,0.04747480256270572,Low
7521-AFHAB,0.636477883717637,High
0285-INHLN,0.3017770663811732,Medium
4678-DVQEO,0.6592445616021209,High
5125-CNDSP,0.03846406792635737,Low
0691-IFBQW,0.5572043697156281,Medium
4992-LTJNE,0.030617755063980113,Low
2202-OUTMO,0.25999285967724994,Low
0810-BDHAW,0.44301169486783315,Medium
0229-LFJAF,0.02154475137855284,Low
7131-ZQZNK,0.048204337835735134,Low
3442-ZHHCC,0.08716668044041434,Low
5726-CVNYA,0.13726465852645747,Low
9871-ELEYA,0.08324732121940534,Low
4257-GAESD,0.7502293917469779,High
5173-WXOQV,0.6022064667256181,High
2040-OBMLJ,0.41945987531973916,Medium
6286-ZHAOK,0.3220709205142747,Medium
3807-XHCJH,0.555816009704877,Medium
3009-JWMPU,0.5586552020418536,Medium
5671-RQRLP,0.15258471071200785,Low
1450-GALXR,0.8781518118608512,High
8859-AXJZP,0.05303321964684127,Low
3174-AKMAS,0.07343738759005726,Low
3138-BKYAV,0.8497612054342243,High
9926-PJHDQ,0.08820998669957836,Low
7382-DFJTU,0.4153811686195796,Medium
2798-NYLMZ,0.14338905799750437,Low
4289-DTDKW,0.7961598386404317,High
1820-TQVEV,0.8629585343992209,High
2239-JALAW,0.45264054120124875,Medium
4853-RULSV,0.1446554940399554,Low
8098-TDCBU,0.06561940921182677,Low
3551-GAEGL,0.1568043067852291,Low
4785-NKHCX,0.4507257436477996,Medium
3196-NVXLZ,0.7753306965459326,High
6275-YDUVO,0.8356411445652624,High
0036-IHMOT,0.3257828867109425,Medium
0115-TFERT,0.8125091550604236,High
4178-EGMON,0.0663853318677491,Low
4220-TINQT,0.6657708512976787,High
5318-YKDPV,0.08719348531854046,Low
7975-TZMLR,0.620575626455632,High
0295-QVKPB,0.5863369833132903,Medium
4335-BSMJS,0.019587311151168775,Low
2311-QYMUQ,0.7362643768850781,High
3643-AHCFP,0.890939909882066,High
9146-JRIOX,0.3921244905771528,Medium
3104-OWCGK,0.3717917641462102,Medium
5337-IIWKZ,0.44624209909180707,Medium
9101-BWFSS,0.4406268044326819,Medium
9650-VBUOG,0.0522485445458533,Low
3487-EARAT,0.050075114848375776,Low
2672-TGEFF,0.7585354662031208,High
9231-ZJYAM,0.8935213139876469,High
4250-WAROZ,0.585494731112017,Medium
8184-WMOFI,0.06890334772156323,Low
6982-SSHFK,0.6721722946460711,High
6092-QZVPP,0.31880839984357157,Medium
4625-LAMOB,0.03126812647962935,Low
0727-BMPLR,0.6291520358342951,High
0392-BZIUW,0.18135710994207113,Low
1038-ZAGBI,0.20377449490882524,Low
6549-NNDYT,0.47426745714574586,Medium
3027-ZTDHO,0.9081759795075321,High
0422-OHQHQ,0.18982109083019486,Low
6916-HIJSE,0.04097148534234504,Low
2316-ESMLS,0.255150770687463,Low
9778-OGKQZ,0.04717488886146192,Low
7408-OFWXJ,0.046366568649635634,Low
6007-TCTST,0.13561660612115578,Low
2252-NKNSI,0.08138445514075413,Low
8713-IGZSO,0.518185585407742,Medium
7905-TVXTA,0.5929130257723628,Medium
7695-PKLCZ,0.011500053090794398,Low
2382-BCKQJ,0.5586342184702096,Medium
8374-UULRV,0.045661889728819995,Low
2207-NHRJK,0.7074201239503917,High
3224-DFQNQ,0.1991207258956519,Low
5275-PMFUT,0.030268790449481733,Low
4795-UXVCJ,0.12198030278686785,Low
9777-IQHWP,0.15545244271308703,Low
0947-MUGVO,0.7777086220221834,High
9944-HKVVB,0.8888403432098879,High
4124-MMETB,0.8276193433527218,High
3671-SHRSP,0.7259826761728768,High
0979-MOZQI,0.04340830125517655,Low
2732-ISEZX,0.4242662620722862,Medium
3313-QKNKB,0.48030783184910664,Medium
0323-XWWTN,0.1974564830004644,Low
1937-OTUKY,0.10020475154298814,Low
1573-LGXBA,0.38825863292292134,Medium
1764-VUUMT,0.01233376656102961,Low
5073-WXOYN,0.3471330015508386,Medium
4713-ZBURT,0.39275211989705383,Medium
3050-GBUSH,0.7242898547825767,High
0207-MDKNV,0.7527896463582315,High
7876-AEHIG,0.12170353140571886,Low
7945-HLKEA,0.10180524603101108,Low
9342-VNIMQ,0.3950848453710467,Medium
9851-KIELU,0.7450525977691577,High
3523-BRGUW,0.14174570337042025,Low
3908-BLSYF,0.8696443487491874,High
3199-NPKCN,0.3612442959940176,Medium
5170-PTRKA,0.07075171767761396,Low
4661-NJEUX,0.4683268181275146,Medium
2123-AGEEN,0.8802866362761254,High
1258-YMZNM,0.5699949441136807,Medium
0048-LUMLS,0.5323150671882966,Medium
7549-MYGPK,0.5070020793164616,Medium
5898-IGSLP,0.6035925087524424,High
3804-RVTGV,0.6631703646765351,High
6259-WJQLC,0.6969336432382899,High
9227-LUNBG,0.7744396915390185,High
7997-EASSD,0.21314702680210978,Low
0730-KOAVE,0.6272639424694163,High
8975-SKGRX,0.13634471248453434,Low
0678-RLHVP,0.4102886728743913,Medium
4315-MURBD,0.6952729505697095,High
2267-FPIMA,0.5136503056818655,Medium
1051-GEJLJ,0.45949993842537207,Medium
9734-YWGEX,0.8702897742837574,High
2719-BDAQO,0.811515004323159,High
5285-MVEHD,0.31261024634516416,Medium
0379-DJQHR,0.050748769147606766,Low
0781-LKXBR,0.9183113283631924,High
5543-QDCRY,0.7586929573042476,High
0297-RBCSG,0.2805956452365319,Low
4694-PHWFW,0.3959698221878332,Medium
0835-JKADZ,0.2515537972044006,Low
1907-UBQFC,0.8280785735928321,High
7508-SMHXL,0.8159304097422763,High
3865-YIOTT,0.3156254484677886,Medium
5993-BQHEA,0.20422633750503902,Low
6024-RUGGH,0.013099222132872497,Low
6513-EECDB,0.9043957335244079,High
3956-CJUST,0.6109115770800538,High
4079-WWQQQ,0.03043951193915669,Low
6103-BOCOU,0.7825598333958836,High
5149-TGWDZ,0.5449189305583659,Medium
7471-WNSUF,0.04296249025200548,Low
8942-DBMHZ,0.3539843232924909,Medium
4301-VVZKA,0.8308870841970585,High
9199-PWQVC,0.13464215088171935,Low
4824-GUCBY,0.6799822100900621,High
5393-HJZSM,0.25349775000820474,Low
7074-IEVOJ,0.8812472380031713,High
9625-QSTYE,0.7727697950279689,High
0862-PRCBS,0.18858921342797288,Low
8812-ZRHFP,0.6088413484777425,High
5146-CBVOE,0.6909312138579248,High
0454-OKRCT,0.18704583081132986,Low
5787-KXGIY,0.009508836532647336,Low
4750-ZRXIU,0.9158592306719073,High
4198-VFOEA,0.2633778883236588,Low
6630-UJZMY,0.9149379302468312,High
5709-LVOEQ,0.2960745401994339,Low
6400-BWQKW,0.8176183680644485,High
2692-AQCPF,0.3451179346402918,Medium
0347-UBKUZ,0.32763669365166065,Medium
0835-DUUIQ,0.13172217473407513,Low
0811-GSDTP,0.6396567418678617,High
7567-ECMCM,0.7312074701125135,High
6115-ZTBFQ,0.03118214256813977,Low
6353-BRMMA,0.5603601407023016,Medium
6680-WKXRZ,0.8336250358433592,High
6231-WFGFH,0.43440002646619214,Medium
9904-EHEVJ,0.7603328234148097,High
7028-DVOIQ,0.8520938138570866,High
6169-PPETC,0.045556479812102466,Low
4208-UFFGW,0.6949922579828708,High
8584-KMVXD,0.8068701899814743,High
8467-WYNSR,0.3079595750306654,Medium
0851-DFJKB,0.44464858956756137,Medium
5382-SOYZL,0.8782791459684883,High
9448-REEVD,0.6591862005020722,High
3261-CQXOL,0.013702227517299685,Low
8388-FYNPZ,0.6111692079748596,High
4002-BQWPQ,0.35325255690663526,Medium
5651-YLPRD,0.725616818613862,High
2826-DXLQO,0.5781500590217779,Medium
4378-BZYFP,0.17806968889684247,Low
9489-UTFKA,0.5890058463500379,Medium
4849-PYRLQ,0.06505474306388404,Low
9117-SHLZX,0.6670210309073878,High
9889-TMAHG,0.7463711156954066,High
4541-RMRLG,0.49378007247548006,Medium
7764-BDPEE,0.44353675024766936,Medium
3429-IFLEM,0.024094916955015727,Low
3158-MOERK,0.9224999553152167,High
7294-TMAOP,0.9072004896156626,High
5002-GCQFH,0.5120607591411732,Medium
0556-FJEGU,0.05006814380355399,Low
8919-FYFQZ,0.37141567810722637,Medium
0604-THJFP,0.06837185218570833,Low
2834-JRTUA,0.19891140289966544,Low
5875-YPQFJ,0.8622154859075941,High
5879-SESNB,0.8539288543016913,High
6646-QVXLR,0.5614621421283739,Medium
6461-PPAXN,0.11457422874322618,Low
3318-ISQFQ,0.27298846382905384,Low
1106-HRLKZ,0.039230624733869394,Low
2483-XSSMZ,0.19159209905188906,Low
8603-IJWDN,0.9072115500341794,High
8165-ZJRNM,0.013108747638918646,Low
9369-XFEHK,0.6663082239241853,High
2604-XVDAM,0.5658413388774701,Medium
3717-OFRTN,0.4566585552899465,Medium
9046-JBFWA,0.22727718704001917,Low
3280-NMUVX,0.09117261874676123,Low
1206-EHBDD,0.10878023622027741,Low
8361-LBRDI,0.02346572420638918,Low
4883-KCPZJ,0.09657104998512106,Low
9108-EQPNQ,0.14716798773589138,Low
7277-KAMWT,0.10878614114748458,Low
3842-IYKUE,0.5361487644035958,Medium
6641-XRPSU,0.5930677407557564,Medium
1374-DMZUI,0.9321794881470137,High
2545-LXYVJ,0.009653862166842457,Low
3234-VKACU,0.7535999228399891,High
8357-EQXFO,0.8882969092735632,High
1989-PRJHP,0.7984611878358387,High
8120-JDCAM,0.8013420623432334,High
8917-FAEMR,0.044493770215481336,Low
7047-YXDMZ,0.2724313008978004,Low
2858-EIMXH,0.5370226486626462,Medium
9524-EGPJC,0.8136352220900842,High
6993-OHLXR,0.8599183450773075,High
8818-XYFCQ,0.7128613291316261,High
6419-ZTTLE,0.21638396469704305,Low
0929-HYQEW,0.5522089694175983,Medium
6614-YOLAC,0.03170106328417876,Low
7426-RHZGU,0.7846101318249651,High
4065-JJAVA,0.71221605115181,High
4695-VADHF,0.6671706901181285,High
3863-IUBJR,0.45616922611426675,Medium
7649-SIJJF,0.03420125624199797,Low
9361-YNQWJ,0.036405430309478876,Low
3748-FVMZZ,0.7298425428202159,High
9391-TTOYH,0.2580406173187864,Low
1452-XRSJV,0.2409945576786382,Low
3422-WJOYD,0.14720023624999265,Low
8242-SOQUO,0.8726665542803222,High
7460-ITWWP,0.7098202892306739,High
7147-AYBAA,0.5772069705787698,Medium
7868-TMWMZ,0.14941466897441003,Low
4822-RVYBB,0.9200990502138645,High
6732-FZUGP,0.3761493506882802,Medium
8436-BJUMM,0.8254104581635111,High
4184-TJFAN,0.7398669283509286,High
8329-GWVPJ,0.46818676851638114,Medium
1352-VHKAJ,0.5571455104277121,Medium
4145-UQXUQ,0.9049875629911827,High
2632-TACXW,0.019745652440213812,Low
8146-QQKZH,0.03875165912621275,Low
1767-CJKBA,0.0178609031850491,Low
6445-TNRXS,0.14457767016265483,Low
4581-LNWUM,0.7710676879613202,High
4869-EPIUS,0.4278511376209512,Medium
9948-YPTDG,0.5354664064992426,Medium
1236-WFCDV,0.8417893372565456,High
1915-OAKWD,0.18032539431988065,Low
7296-PIXQY,0.8061290814403966,High
4883-QICIH,0.6133533152541647,High
3354-OADJP,0.2544698628523746,Low
3524-WQDSG,0.7286034078373846,High
0810-DHDBD,0.11807193967791907,Low
4026-SKKHW,0.5676699882870357,Medium
2829-HYVZP,0.11532306906785568,Low
8329-IBCTI,0.47011112604577004,Medium
1271-SJBGZ,0.695277391725958,High
3845-JHAMY,0.6130749960102347,High
7013-PSXHK,0.2884991238126273,Low
5669-SRAIP,0.7818959210443233,High
5981-ITEMU,0.7349871605415292,High
3486-NPGST,0.08690456720624011,Low
6941-PMGEP,0.8761273507115109,High
1624-WOIWJ,0.7339903074147853,High
2074-GKOWZ,0.8663178450315036,High
0376-YMCJC,0.7815503554298132,High
6100-FJZDG,0.12267981166482853,Low
4829-ZLJTK,0.2578098902389966,Low
1730-VFMWO,0.2925614956151847,Low
7143-BQIBA,0.45806383425991143,Medium
3800-LYTRK,0.2214747524843996,Low
0634-SZPQA,0.7035378086009231,High
9646-NMHXE,0.02949546530838768,Low
7030-NJVDP,0.6625537817245396,High
5536-RTPWK,0.6759714745007038,High
8883-GRDWQ,0.21431263808489995,Low
6166-ILMNY,0.8026482200581443,High
3097-NNSPB,0.616092739805129,High
7771-ZONAT,0.21575086931184606,Low
0655-RBDUG,0.8763067840499457,High
2111-DWYHN,0.4636469781905199,Medium
4194-WHFCB,0.4500397331076229,Medium
4121-AGSIN,0.046614329666419735,Low
4361-BKAXE,0.5497814413398462,Medium
9845-PEEKO,0.1813719787473276,Low
0455-XFASS,0.854935734315994,High
0301-KOBTQ,0.05099119105307749,Low
1751-NCDLI,0.8155734514609562,High
4367-NUYAO,0.21837120522088618,Low
9878-TNQGW,0.8837778849014198,High
9170-ARBTB,0.04413708518143457,Low
4441-NIHPT,0.8278067756615501,High
8999-BOHSE,0.8557498898596133,High
7241-AJHFS,0.48689945436692217,Medium
7029-RPUAV,0.8570668167116824,High
4546-FOKWR,0.7663364819234154,High
9036-CSKBW,0.4149528628915521,Medium
5832-TRLPB,0.2952257472456665,Low
8590-YFFQO,0.017222985304879937,Low
8659-IOOPU,0.15055707634761265,Low
1338-CECEE,0.2532264910752387,Low
7439-DKZTW,0.8847723773932233,High
4646-QZXTF,0.5208463616768583,Medium
4607-CHPCA,0.7075751640703422,High
9742-XOKTS,0.19482583407862603,Low
6921-OZMFH,0.6051697293264486,High
9578-FOMUK,0.4670462520320571,Medium
4712-UYOOI,0.35775897482847846,Medium
8824-RWFXJ,0.6005684343618709,High
7722-CVFXN,0.4936474665915156,Medium
8717-VCTXJ,0.06993239236959617,Low
7363-QTBIW,0.8639704853858423,High
4159-NAAIX,0.267298034766441,Low
0971-QIFJK,0.014815593870361495,Low
9397-TZSHA,0.01482617383304616,Low
3391-JSQEW,0.2968523111482241,Low
0343-QLUZP,0.029824082544269093,Low
9763-PDTKK,0.6839744763020559,High
2176-LVPNX,0.05641141692511529,Low
7627-JKIAZ,0.6293840501110712,High
3312-UUMZW,0.7638198942643067,High
1271-UODNO,0.10059496537568778,Low
8461-EFQYM,0.14261446898107064,Low
6900-RBKER,0.27139899613193424,Low
6891-JPYFF,0.5902703250333524,Medium
1459-QNFQT,0.03461914375850639,Low
1047-NNCBF,0.6960632812103663,High
3696-XRIEN,0.1699782646633325,Low
4081-DYXAV,0.4756347244046121,Medium
0074-HDKDG,0.17934019564250844,Low
8791-GFXLZ,0.5275217129316472,Medium
8111-SLLHI,0.8266919804839531,High
0927-LCSMG,0.7786236599524559,High
9330-DHBFL,0.14884326379414373,Low
0098-BOWSO,0.293234252801951,Low
3452-ABWRL,0.6586685228778673,High
5859-HZYLF,0.06618543229393242,Low
8257-RZAHR,0.565259814971965,Medium
5293-WXJAK,0.8369938871365612,High
3156-QLHBO,0.46172893742254606,Medium
2208-NQBCT,0.6130684900279522,High
1779-PWPMG,0.15343558601928248,Low
6621-NRZAK,0.013987586467608473,Low
0831-JNISG,0.010608110090196713,Low
0774-IFUVM,0.5864002828453881,Medium
3082-WQRVY,0.22299505804035732,Low
9553-DLCLU,0.20206039201301076,Low
1641-BYBTK,0.413823850140002,Medium
2460-NGXBJ,0.8165552727721282,High
2446-ZKVAF,0.5285296580194131,Medium
0841-NULXI,0.8112324069466437,High
3522-CDKHF,0.5043287482747821,Medium
1430-SFQSA,0.15074366171641823,Low
0411-EZJZE,0.8074949450351075,High
7851-WZEKY,0.9239265115953647,High
8844-TONUD,0.821202692572115,High
8807-ARQET,0.4423720997207618,Medium
8992-CEUEN,0.5608952267505265,Medium
4320-QMLLA,0.6706671240395772,High
8777-PVYGU,0.12587652179365338,Low
8292-ITGYJ,0.039838338336247156,Low
6870-ZWMNX,0.04595780492132322,Low
0621-CXBKL,0.02293745814391899,Low
5268-DSMNQ,0.36194631267471605,Medium
5334-JLAXU,0.4278054733126052,Medium
4086-YQSNZ,0.8939290363133676,High
6242-MBHPK,0.8112644561513601,High
5868-CZJDR,0.6663700877322213,High
9359-UGBTK,0.060206511559705675,Low
0135-NMXAP,0.8042466850240622,High
4782-OSFXZ,0.03791393871345298,Low
6479-OAUSD,0.12818113585509316,Low
7129-ACFOG,0.6792892021257741,High
4189-NAKJS,0.31765414539158343,Medium
5562-BETPV,0.3025959646013514,Medium
1282-IHQAC,0.08888504207537588,Low
9127-FHJBZ,0.18258617580827505,Low
6270-OMFIW,0.4565791248561042,Medium
1641-RQDAY,0.8478684629197134,High
0107-WESLM,0.5564792015179121,Medium
6994-ORCWG,0.4066265083544722,Medium
1346-UFHAX,0.7062997493821149,High
3992-YWPKO,0.8086094625601594,High
2933-XEUJM,0.1372405559246461,Low
0125-LZQXK,0.8191071861771783,High
5461-QKNTN,0.6853997908267094,High
4835-YSJMR,0.07654068770102841,Low
8399-YNDCH,0.5709212002277947,Medium
3164-YAXFY,0.32496018797354886,Medium
0887-WBJVH,0.45439945344186095,Medium
4660-IRIBM,0.6822907183495532,High
5673-FSSMF,0.8222178840929489,High
7670-ZBPOQ,0.07047063543687303,Low
8089-UZWLX,0.2707065747692735,Low
0080-OROZO,0.5778942952379174,Medium
3916-NRPAP,0.8251772598153094,High
6807-SIWJI,0.5729304515303512,Medium
8221-HVAYI,0.07028246917737302,Low
1579-KLYDT,0.8861497911865177,High
5232-NXPAY,0.11149590914755006,Low
8967-SZQAS,0.6058692851010118,High
4468-KAZHE,0.6580096274770219,High
0455-ENTCR,0.07555089890225032,Low
8944-AILEF,0.3187839819791979,Medium
5542-NKVRU,0.033634831710747506,Low
7126-RBHSD,0.7650457822617734,High
5370-IIVVL,0.4967851261289,Medium
6789-HJBWG,0.6248776711270855,High
3927-NLNRY,0.400612563657371,Medium
9087-EYCPR,0.022663902627384096,Low
6791-YBNAK,0.5269098260682146,Medium
6358-LYNGM,0.8878535260812295,High
6077-BDPXA,0.8534216740000651,High
0013-MHZWF,0.6213681865952883,High
5494-HECPR,0.8853190542899559,High
8268-YDIXR,0.3048510600850882,Medium
9824-BEMCV,0.7904488560921453,High
1373-ORVIZ,0.6953389350385674,High
4291-SHSBH,0.8394524188979446,High
6980-IMXXE,0.011015154586482476,Low
9866-QEVEE,0.794127846709741,High
9897-KXHCM,0.8818706117189672,High
0040-HALCW,0.020542313472994667,Low
0784-GTUUK,0.03902749899765867,Low
7979-CORPM,0.7494625228642802,High
2294-DMMUS,0.3478255675389654,Medium
0872-JCPIB,0.5408848765293548,Medium
3055-MJDSB,0.6323276154483641,High
9091-WTUUY,0.03433020333469771,Low
1618-CFHME,0.882718241163634,High
3165-HDOEW,0.6664240484371189,High
6581-NQCBA,0.6863869977195102,High
7115-IRDHS,0.013315809187153829,Low
8496-DMZUK,0.3839576752895132,Medium
2040-VZIKE,0.6199581461521183,High
9068-VPWQQ,0.049781500271632494,Low
0178-SZBHO,0.7000522890511014,High
0384-RVBPI,0.4561827871763778,Medium
1689-MRZQR,0.7419972659621946,High
1299-AURJA,0.014161679145897176,Low
4525-VZCZG,0.3415098276242872,Medium
1543-LLLFT,0.32870963366305095,Medium
5835-BEQEU,0.8776637739629901,High
2788-CJQAQ,0.2070815695351443,Low
5565-FILXA,0.9053577657609724,High
0319-QZTCO,0.6599196935773896,High
2120-SMPEX,0.24086151750292023,Low
0096-FCPUF,0.44843131744418374,Medium
0668-OGMHD,0.5039421523448564,Medium
5552-ZNFSJ,0.7411726080571688,High
2223-KAGMX,0.31674003044959276,Medium
6507-ZJSUR,0.8621062929266975,High
9408-HRXRK,0.7014719993174315,High
5593-SUAOO,0.526923683349436,Medium
7321-PKUYW,0.8380378606562262,High
2833-SLKDQ,0.6696017483731488,High
6766-HFKLA,0.25951878674491613,Low
7595-EUIVN,0.839897380211804,High
7617-EYGLW,0.5582467229610936,Medium
2026-TGDHM,0.8697149928571538,High
9220-ZNKJI,0.1775483209776253,Low
4030-VPZBD,0.6923444875668457,High
2226-ICFDO,0.048907903883225995,Low
0723-VSOBE,0.3065288921395506,Medium
5529-GIBVH,0.02968336206342027,Low
4187-CINZD,0.49171708544767845,Medium
9992-UJOEL,0.6233229621126438,High
4741-WWJQZ,0.7357673945219066,High
6625-UTXEW,0.6170083869428241,High
6818-WOBHJ,0.5107138189469923,Medium
6244-BESBM,0.15658246462962688,Low
1004-NOZNR,0.3588112000731363,Medium
1251-STYSZ,0.8453538076965591,High
2612-PHGOX,0.0549385791323444,Low
2408-TZMJL,0.449494990994729,Medium
8480-PPONV,0.1599924374711684,Low
8780-IHCRN,0.01913230808679914,Low
4598-ZADCK,0.11077566222279368,Low
1257-SXUXQ,0.42796725900934734,Medium
9681-KYGYB,0.5573287438252078,Medium
7182-OVLBJ,0.2296346128410941,Low
5095-ETBRJ,0.029888949405744953,Low
7005-CYUIL,0.12172638200694208,Low
4821-WQOYN,0.00941585670595533,Low
4730-AWNAU,0.18832292116009575,Low
3452-FLHYD,0.1257755397624568,Low
2388-LAESQ,0.15252327606396024,Low
9531-NSBMR,0.08422347890602601,Low
6260-ONULR,0.7693126419800593,High
4389-UEFCZ,0.24547914375814306,Low
8711-LOBKY,0.017705289259870513,Low
9134-CEQMF,0.908510325433444,High
8985-OOPOS,0.5015957567565741,Medium
8800-ZKRFW,0.7870866959036599,High
2616-FLVQC,0.014275594840641857,Low
9968-FFVVH,0.054695170943782005,Low
3108-PCCGG,0.06694047189143865,Low
7993-PYKOF,0.768025891416194,High
8390-FESFV,0.08297369058562688,Low
3022-BEXHZ,0.19774509620528216,Low
5027-XWQHA,0.7057641515195504,High
6248-TKCQV,0.04941366179879926,Low
6729-GDNGC,0.7721186788612668,High
6198-ZFIOJ,0.8741323496096027,High
5989-OMNJE,0.39555428626292904,Medium
4566-QVRRW,0.6676757413212111,High
1291-CUOCY,0.1774880748215421,Low
9795-SHUHB,0.019325845299542635,Low
3230-IUALN,0.08090512571354141,Low
0042-RLHYP,0.011077420436114644,Low
8519-IMDHU,0.8401653034888713,High
4945-RVMTE,0.47476088522168414,Medium
0201-OAMXR,0.2438996674249967,Low
1866-NXPSP,0.13485057403479186,Low
3372-KWFBM,0.8762855771664131,High
7831-QGOXH,0.8573383295064972,High
6393-WRYZE,0.8303832772566967,High
3941-XTSKM,0.20379966292221569,Low
1661-CZBAU,0.13757790010611426,Low
6599-RCLCJ,0.7051666679526613,High
9831-BPFRI,0.4322938693033912,Medium
5158-RIVOP,0.11511675531941319,Low
9788-YTFGE,0.40607412008796845,Medium
9277-JOOMO,0.5088593330840384,Medium
1907-YLNYW,0.6400366976471735,High
1725-MIMXW,0.4710035694605173,Medium
8947-YRTDV,0.39362467468463475,Medium
3161-ONRWK,0.04657945006097793,Low
0114-RSRRW,0.3623618948339892,Medium
4565-NLZBV,0.013600802427370723,Low
0031-PVLZI,0.43500252441290127,Medium
7206-GZCDC,0.8807262078875132,High
6682-VCIXC,0.1026073124019023,Low
4791-QRGMF,0.47240265566335016,Medium
6475-VHUIZ,0.4695835051542471,Medium
3910-MRQOY,0.009890841471819038,Low
0661-WCQNQ,0.16932284959266722,Low
7537-RBWEA,0.7054808667924739,High
4656-CAURT,0.015120177804868157,Low
0121-SNYRK,0.07115407138301963,Low
1768-ZAIFU,0.7984563676279063,High
4671-LXRDQ,0.6617720201425924,High
3733-LSYCE,0.6955132166836463,High
6265-FRMTQ,0.05294076724437214,Low
1934-SJVJK,0.4678808658812782,Medium
3838-OZURD,0.5877171952487419,Medium
1371-DWPAZ,0.20619706576451138,Low
9269-CQOOL,0.6913184570076573,High
2017-CCBLH,0.13681691083698486,Low
7690-KPNCU,0.11703750645531182,Low
0536-BGFMZ,0.2158876165837643,Low
2293-IJWPS,0.49135092258086216,Medium
2845-HSJCY,0.8752081116644232,High
5469-NUJUR,0.09035881824462653,Low
1184-PJVDB,0.8571153460195827,High
2625-TRCZQ,0.42838095790390174,Medium
4102-HLENU,0.035157163068413745,Low
7266-GSSJX,0.44885103910199864,Medium
7722-VJRQD,0.033497291229426226,Low
7073-QETQY,0.03659584989074843,Low
9415-DPEWS,0.8154680693841435,High
5624-RYAMH,0.47269459927998453,Medium
0196-JTUQI,0.8026975837165203,High
7130-YXBRO,0.5896061973347296,Medium
9272-LSVYH,0.7681062796045408,High
7943-RQCHR,0.9107388075452992,High
3793-MMFUH,0.9143767401176778,High
3249-ZPQRG,0.8638059072378933,High
2568-BRGYX,0.8485231770644927,High
3084-DOWLE,0.04433640049860224,Low
1084-MNSMJ,0.061338012418857786,Low
7721-JXEAW,0.20942124114363259,Low
7249-WBIYX,0.8812811331380658,High
4238-HFHSN,0.5567923285698606,Medium
6250-CGGUN,0.22121906488192294,Low
5478-JJVZK,0.32230563241440596,Medium
7596-IIWYC,0.06248221582658768,Low
6567-HOOPW,0.9017187613462897,High
9793-WECQC,0.76610252589548,High
4291-HPAXL,0.46921887371426396,Medium
8999-YPYBV,0.07640415445866187,Low
1839-FBNFR,0.03923091269008001,Low
3164-AALRN,0.5676643939425935,Medium
3071-MVJCD,0.030586101680371278,Low
1697-BCSHV,0.2818544196882497,Low
0562-KBDVM,0.01511714766717472,Low
1131-SUEKT,0.2991353922528283,Low
3717-OEAUQ,0.8076397332152916,High
4538-WNTMJ,0.07731451678683961,Low
3334-CTHOL,0.7091067109794427,High
4704-ERYFC,0.7638873462512088,High
9432-RUVSL,0.18257617119259884,Low
8060-HIWJJ,0.08011627429412364,Low
7684-XSZIY,0.01288231109852233,Low
9089-UOWJG,0.6176638917548349,High
8621-MNIHH,0.7991661909333058,High
8039-ACLPL,0.031066803542295067,Low
9885-AIBVB,0.736747833309894,High
1934-MKPXS,0.09331319689813684,Low
2592-YKDIF,0.46698911601598336,Medium
2272-JKMSI,0.4488266729991552,Medium
0471-LVHGK,0.44155616876020565,Medium
9518-RWHZL,0.4270536910451902,Medium
8714-CTZJW,0.8277601136192921,High
3569-EDBPQ,0.6478347635258598,High
3131-NWVFJ,0.19999986214796522,Low
7521-YXVZY,0.44744233122256527,Medium
5419-CONWX,0.8541453230768732,High
6240-EURKS,0.6853364043187007,High
2373-NTKOD,0.7800371988983987,High
1970-KKFWL,0.059517463454972996,Low
6960-HVYXR,0.8858767557381763,High
9337-SRRNI,0.01680998190119753,Low
0895-UADGO,0.20833457010159553,Low
5678-VFNEQ,0.31336323030243907,Medium
5977-CKHON,0.6632997799510468,High
7024-OHCCK,0.9351604239306489,High
2692-BUCFV,0.749628305951599,High
7861-UVUFT,0.8340845125073204,High
1830-GGFNM,0.07826685672002456,Low
5302-BDJNT,0.7265534388482497,High
5223-UZAVK,0.26986818010621505,Low
4859-ZSRDZ,0.07140147653295498,Low
5651-WYIPH,0.5061839828094409,Medium
9350-VLHMB,0.49734344529152685,Medium
3498-LZGQZ,0.014861858760314055,Low
8785-CJSHH,0.7001853415395793,High
5357-TZHPP,0.8620040582457513,High
3870-SPZSI,0.13722040815649342,Low
0680-DFNNY,0.8906586654061369,High
7560-QRBXH,0.05434200534647609,Low
7077-XJMET,0.678887162504613,High
8752-GHJFU,0.2075288877430456,Low
6896-SRVYQ,0.6422651989510944,High
7767-UXAGJ,0.7832270613189038,High
4652-ODEVH,0.041601547827424014,Low
6510-UPNKS,0.17296476274011832,Low
6718-BDGHG,0.20851295503842351,Low
9046-DQMTP,0.16269331911021667,Low
6439-LAJXL,0.4341471949842955,Medium
1571-SAVHK,0.8205939246265181,High
9052-VKDUW,0.5401347886866688,Medium
9546-CQJSU,0.8988703586693723,High
1666-JZPZT,0.500492014799618,Medium
5777-KJIRB,0.18617655427635657,Low
0506-LVNGN,0.8013501055457894,High
7677-SJJJK,0.23267813024957001,Low
2480-EJWYP,0.47556448974470106,Medium
3253-HKOKL,0.4487391596316559,Medium
7055-HNEOJ,0.5531465204719277,Medium
5514-YQENT,0.2537656979110077,Low
3211-AAPKX,0.7959572632483796,High
8445-DNBAE,0.7844409807343793,High
2951-QOQTK,0.7692632674801382,High
2958-NHPPS,0.32526273255718596,Medium
6806-YDEUL,0.4422260235335341,Medium
1735-XMJVH,0.39763757630859453,Medium
6890-PFRQX,0.5339271079892237,Medium
0222-CNVPT,0.30294663206168027,Medium
5899-OUVKV,0.792894288394474,High
8681-ICONS,0.21082199347743763,Low
1621-YNCJH,0.20289965639485968,Low
3473-XIIIT,0.8770825894210335,High
6362-QHAFM,0.5915697906632369,Medium
7893-IXHRQ,0.5533826219654685,Medium
3070-BDOQC,0.29843334408074607,Low
2952-QAYZF,0.8503428192386537,High
6234-PFPXL,0.6341165418198376,High
9824-QCJPK,0.08703673691381084,Low
4763-PGDPO,0.8492371700922431,High
4283-IVYCI,0.47343591372888383,Medium
1866-OBPNR,0.7817355212964748,High
8205-MQUGY,0.5599628512992783,Medium
8970-ANWXO,0.41899738073903803,Medium
9480-BQJEI,0.26651966634566504,Low
5394-SVGJV,0.6926406973102784,High
6979-TNDEU,0.3985064035638307,Medium
9777-WJJPR,0.7306856486980311,High
9283-LZQOH,0.783403928123272,High
7079-QRCBC,0.8709456719863066,High
9495-SKLKD,0.6319923846508338,High
6048-UWKAL,0.199256281425694,Low
5067-DGXLL,0.45661574014673073,Medium
5469-CTCWN,0.43991718080725906,Medium
9851-QXEEQ,0.7932677155122474,High
6281-FKEWS,0.3513419349850444,Medium
8898-KASCD,0.14530550516752014,Low
9242-TKFSV,0.030325747885327235,Low
9290-SHCMB,0.8849787950549756,High
0743-HNPFG,0.08585566547830369,Low
2277-BKJKN,0.28115690675892074,Low
9809-IMGCQ,0.8893480929999986,High
5208-HFSBT,0.524525299813935,Medium
5035-PGZXH,0.5548316251516108,Medium
8695-WDYEA,0.5647322918012779,Medium
6543-JXSOO,0.1565175399334053,Low
8016-ZMGMO,0.14913748015912862,Low
8605-ITULD,0.47055732422177543,Medium
3254-YRILK,0.8608643444114157,High
6416-YJTTB,0.6565273107578011,High
2667-WYLWJ,0.24241972761473737,Low
4472-VESGY,0.4877782723250313,Medium
3195-TQDZX,0.5335471510692245,Medium
3128-YOVTD,0.3425181917786964,Medium
0529-ONKER,0.855598211814214,High
1728-CXQBE,0.6412057992177463,High
7041-TXQJH,0.40748384448145647,Medium
5014-GSOUQ,0.11358786755663534,Low
5724-BIDBU,0.17337040997209066,Low
0481-SUMCB,0.5968928369801277,Medium
1769-GRUIK,0.7796197789449928,High
5240-IJOQT,0.902599883321041,High
8819-WFGGJ,0.05009950857731828,Low
7427-AUFPY,0.02046416385398381,Low
2811-POVEX,0.7397411948332127,High
1092-GANHU,0.7799067957827978,High
7898-PDWQE,0.033283229878974835,Low
9972-EWRJS,0.012193919354124762,Low
9314-IJWSQ,0.8714832480977679,High
0661-XEYAN,0.7341463326178976,High
5799-JRCZO,0.01413051203990835,Low
1921-KYSAY,0.30037323439719743,Medium
6198-RTPMF,0.8940143042176983,High
2924-KHUVI,0.48570124934427805,Medium
1925-GMVBW,0.41073582475579024,Medium
7881-EVUAD,0.7079490941517304,High
6184-DYUOB,0.4488501302493174,Medium
9207-ZPANB,0.17432809475995012,Low
5766-XQXMQ,0.3479982055377946,Medium
9327-QSDED,0.614464228511144,High
1656-DRSMG,0.5278329894374507,Medium
3012-VFFMN,0.4036062068431151,Medium
2984-AFWNC,0.8879997698847903,High
0640-YJTPY,0.009605366406754745,Low
8096-LOIST,0.6574048108061068,High
9764-REAFF,0.016792314773103403,Low
3703-VAVCL,0.7752430339280352,High
7107-UBYKY,0.2746270623289861,Low
4881-GQJTW,0.3265881779253048,Medium
8519-QJGJD,0.7971336058224292,High
7876-DNYAP,0.011144079841335528,Low
7905-NJMXS,0.5801309555318437,Medium
2882-WDTBA,0.026284416403915285,Low
2091-GPPIQ,0.09139728489244442,Low
6326-MTTXK,0.8978443762837757,High
5071-FBJFS,0.6276135539356822,High
2796-UUZZO,0.3374085188645853,Medium
2429-AYKKO,0.009682811346983384,Low
9798-OPFEM,0.04187388137622788,Low
0330-IVZHA,0.8455630179958922,High
3794-NFNCH,0.4008920768348109,Medium
5193-QLVZB,0.2613414908910655,Low
7114-AEOZE,0.015855677499190556,Low
2886-KEFUM,0.520711765626022,Medium
5522-NYKPB,0.7302049337257597,High
4237-RLAQD,0.6664240484371189,High
9957-YODKZ,0.8811501894038121,High
6518-KZXCB,0.10150936031268537,Low
2245-ADZFJ,0.18328451398304435,Low
7776-QGYJC,0.463501174908291,Medium
9313-QOLTZ,0.22926397822237976,Low
9651-GTSAQ,0.3276223617835862,Medium
3186-BAXNB,0.8174971935034471,High
4672-FOTSD,0.48878368830340946,Medium
0637-YLETY,0.7844757259698748,High
9818-XQCUV,0.4566162875485118,Medium
7338-ERIVA,0.13303856773266995,Low
1157-BQCUW,0.8877643256152133,High
8259-NFJTV,0.46574123283243624,Medium
3223-DWFIO,0.8695968649304998,High
2660-EMUBI,0.9183715693799395,High
6968-GMKPR,0.49988620811172146,Medium
4751-ERMAN,0.06278406228017477,Low
1436-ZMJAN,0.6909247527015346,High
3292-PBZEJ,0.8635582992678165,High
0799-DDIHE,0.6229081762808456,High
3070-FNFZQ,0.07340582037984476,Low
2812-SFXMJ,0.4683268181275146,Medium
7675-OZCZG,0.7567081156530879,High
5014-WUQMG,0.36761369396552734,Medium
5312-TSZVC,0.19150307461431942,Low
2003-CKLOR,0.6088250312528918,High
0993-OSGPT,0.05720667472926886,Low
9254-RBFON,0.5939977917919018,Medium
1205-WNWPJ,0.5909980265692433,Medium
9391-EOYLI,0.8684499167643819,High
7108-DGVUU,0.4241428677116189,Medium
2782-JEEBU,0.3911640547839842,Medium
5127-BZENZ,0.13129841472833337,Low
2720-FVBQP,0.6727964475096417,High
9906-NHHVC,0.08082474979856918,Low
4522-XRWWI,0.20024752524047562,Low
3766-EJLFL,0.1574182916814385,Low
5939-SXWHM,0.03453344953378788,Low
8152-UOBNY,0.5562162255184633,Medium
7351-KYHQH,0.7367162353469939,High
7643-RCHXS,0.021270954346201534,Low
8246-SHFGA,0.2944529721027616,Low
8387-MOJJT,0.6125545281744093,High
0620-XEFWH,0.4421090746928538,Medium
6485-QXWWE,0.019838605270210544,Low
2761-OCIAX,0.858554545625132,High
7321-VGNKU,0.8568468822665685,High
5327-CNLUQ,0.19992221253900855,Low
7552-KEYGT,0.06300672111307137,Low
5816-JMLGY,0.05129323851326692,Low
3068-OMWZA,0.917618234408958,High
2927-QRRQV,0.5370459099504543,Medium
6032-KRXXO,0.8159938792749164,High
7459-RRWQZ,0.5629307251287221,Medium
6265-SXWBU,0.2915908155997267,Low
7941-RCJOW,0.012875602614394369,Low
6374-NTQLP,0.12339842404027038,Low
4154-AQUGT,0.7289822711662881,High
2387-KDZQY,0.1764400909774878,Low
3584-WKTTW,0.4489733562775045,Medium
3399-BMLVW,0.03199346849124163,Low
1971-DTCZB,0.04509642080283095,Low
3092-IGHWF,0.31845175207511583,Medium
3374-PZLXD,0.1774610839323883,Low
3813-DHBBB,0.02479096839607482,Low
2812-REYAT,0.04923440009966249,Low
6518-PPLMZ,0.023154826754491493,Low
4939-KYYPY,0.5009270027424805,Medium
8017-LXHFA,0.8483778038542276,High
5930-GBIWP,0.034496610400239325,Low
6022-KOUQO,0.6080450751059832,High
6352-TWCAU,0.7833962693455179,High
2361-UPSND,0.1031051588676327,Low
6035-RIIOM,0.30573350822935513,Medium
2929-QNSRW,0.5615211059984004,Medium
1262-OPMFY,0.7530712704127709,High
9504-DSHWM,0.3703636883481884,Medium
5035-BVCXS,0.7317738805063561,High
6267-DCFFZ,0.8104641370651118,High
3533-UVMOM,0.034812816591032254,Low
2439-LYPMQ,0.8328367602210972,High
4248-QPAVC,0.7069525151473286,High
1899-VXWXM,0.5071787280377489,Medium
1478-VPOAD,0.7462930720129691,High
9995-HOTOH,0.07708774604662577,Low
2988-PLAHS,0.666061133634308,High
1371-OJCEK,0.06774568189597724,Low
4999-IEZLT,0.05303599805171206,Low
8883-ANODQ,0.13116095335959516,Low
4690-LLKUA,0.6484670784991023,High
2351-RRBUE,0.24767600372705442,Low
5980-BDHPY,0.04591568288371576,Low
1498-DQNRX,0.2103293119636117,Low
9469-WEJBT,0.6631060031032147,High
3331-HQDTW,0.6758053437835695,High
9490-DFPMD,0.7776425422224797,High
2581-VKIRT,0.0655772283087176,Low
5442-XSDCW,0.7945481870922223,High
7426-WEIJX,0.5057317678914595,Medium
2851-MMUTZ,0.3186465362061593,Medium
3049-NDXFL,0.8748146694988869,High
8580-AECUZ,0.9018773779209834,High
3307-TLCUD,0.44528469835304774,Medium
6625-FLENO,0.018239317075731065,Low
2967-MXRAV,0.3058184027935885,Medium
7963-GQRMY,0.6558711845696135,High
8189-HBVRW,0.5009271292301348,Medium
4163-KIUHY,0.2759659421558791,Low
1228-FZFRV,0.6091165942838174,High
3500-NSDOA,0.04997282561312882,Low
1171-TYKUR,0.1862001839878076,Low
3761-FLYZI,0.6169023203079937,High
2058-DCJBE,0.8458813838887672,High
5364-XYIRR,0.7659067563599876,High
4829-AUOAX,0.7118896142712314,High
1219-NNDDO,0.8560452941862005,High
8388-DMKAE,0.1371153441888598,Low
4403-BWPAY,0.23078505811623953,Low
9659-QEQSY,0.6273459611916391,High
5405-ZMYXQ,0.8089253062571875,High
5047-LHVLY,0.6921220260136319,High
1442-OKRJE,0.2673746915194697,Low
4737-AQCPU,0.02108719877436623,Low
9158-VCTQB,0.557373721318464,Medium
2808-CHTDM,0.0983837571020423,Low
6311-UEUME,0.7759737665476911,High
0793-TWELN,0.8249147233358375,High
3283-WCWXT,0.17968398525824975,Low
1060-ENTOF,0.21739974564777165,Low
0999-QXNSA,0.652274783987773,High
5451-MHQOF,0.052938181887831205,Low
4836-WNFNO,0.013277419840718193,Low
9225-BZLNZ,0.08621407549467582,Low
0354-VXMJC,0.07359008913056406,Low
4422-QVIJA,0.4212439456739088,Medium
9365-SRSZE,0.7599385503351469,High
6839-ITVZJ,0.48226511223108154,Medium
8332-OSJDW,0.2521431790336839,Low
4735-BJKOU,0.03882394220357017,Low
0274-JKUJR,0.6285301677016346,High
5740-YHGTW,0.3556034743597046,Medium
8917-SZTTJ,0.01601465226951956,Low
1696-MZVAU,0.18422862891734676,Low
7359-WWYJV,0.13586752313296344,Low
0375-HVGXO,0.8096919702361605,High
4906-ZHGPK,0.19125977030601363,Low
8593-WHYHV,0.9044375273978902,High
3795-GWTRD,0.0301181166212113,Low
1298-PHBTI,0.13480458736270864,Low
6223-DHJGV,0.07028470828143574,Low
6961-MJKBO,0.027469696519327118,Low
6097-EQISJ,0.3952915247409286,Medium
4423-YLHDV,0.7625127049104324,High
8158-WPEZG,0.5766210868055309,Medium
0107-YHINA,0.9228015118203116,High
4918-FYJNT,0.5405534903419383,Medium
0727-BNRLG,0.13724801338239095,Low
4854-CIDCF,0.8687695945809885,High
8640-SDGKB,0.7362051407465756,High
3280-MRDOF,0.18604987337752835,Low
6435-SRWBJ,0.8298071806233795,High
9964-WBQDJ,0.013696600776299554,Low
6303-KFWSL,0.3610043689794347,Medium
1702-CCFNJ,0.19956533584685765,Low
8932-CZHRQ,0.09102970754958482,Low
0386-CWRGM,0.030975111336050153,Low
5515-RUGKN,0.6576107229393942,High
0404-AHASP,0.009677474634961755,Low
7279-NMVJC,0.1707920978480678,Low
2081-VEYEH,0.8349380288233001,High
6407-UTSLV,0.8362957527176085,High
4116-TZAQJ,0.6817898530047719,High
9060-HJJRW,0.1965535828464288,Low
2587-YNLES,0.14698129675883315,Low
7398-SKNQZ,0.9220613685074416,High
5935-FCCNB,0.9057968156053218,High
1958-RNRKS,0.5564542554820542,Medium
5136-RGMZO,0.5018877392794238,Medium
8345-MVDYC,0.07755518120086811,Low
8226-BXGES,0.1911481935065266,Low
3877-JRJIP,0.8192934071577949,High
8375-DKEBR,0.8800661079874471,High
9705-IOVQQ,0.5623502297191003,Medium
1015-OWJKI,0.4727890068694293,Medium
7511-YMXVQ,0.7990209268832204,High
2040-XBAVJ,0.12920823060111647,Low
7551-JOHTI,0.4707804410025753,Medium
8887-IPQNC,0.6214733376650255,High
8646-JCOMS,0.19834529106655485,Low
9804-ICWBG,0.8622154859075941,High
1222-KJNZD,0.13398877027871664,Low
0106-GHRQR,0.6071931204688572,High
5318-IXUZF,0.805434901718591,High
3768-VHXQO,0.01587488856625965,Low
8952-WCVCD,0.385202641735005,Medium
2418-TPEUN,0.019048993663527865,Low
3963-RYFNS,0.123164339856266,Low
3198-VELRD,0.864717070172459,High
8540-ZQGEA,0.020721394273410066,Low
1320-REHCS,0.7150137961268422,High
4137-JOPHL,0.1752445058776968,Low
9436-ZBZCT,0.8244504316510053,High
7801-CEDNV,0.19897789901654567,Low
2057-BOYKM,0.07458255707327942,Low
3658-QQJYD,0.1131323432820497,Low
1803-BGNBD,0.5404327640306108,Medium
0134-XWXCE,0.2324539465568633,Low
6950-TWMYB,0.1109973252012933,Low
5848-FHRFC,0.011508175348899013,Low
2243-FNMMI,0.28396555486406677,Low
2511-MORQY,0.16363157554396937,Low
5356-KZCKT,0.023866562280104954,Low
9470-XCCEM,0.6862628403765336,High
6519-CFDBX,0.7331781669656582,High
3902-MIVLE,0.047076349075783466,Low
0409-WTMPL,0.3656140215671465,Medium
8763-KIAFH,0.12405451632648723,Low
3669-WHAFY,0.13249626421082508,Low
3055-VTCGS,0.11667000841765311,Low
3144-KMTWZ,0.45970761323983583,Medium
7279-BUYWN,0.7470327694645388,High
7156-MHUGY,0.8915857384494245,High
7198-GLXTC,0.8842105749657088,High
2007-QVGAW,0.011423912553990851,Low
5207-PLSTK,0.5757053847356792,Medium
2307-FYNNL,0.2562601056012478,Low
5605-XNWEN,0.015311159720305827,Low
2155-AMQRX,0.39462176230433543,Medium
6181-AXXYF,0.013364754442987212,Low
5091-HFAZW,0.8041433282878571,High
0516-VRYBW,0.1655962500488575,Low
2519-LBNQL,0.5795624110512579,Medium
8623-ULFNQ,0.6161355164872794,High
8380-PEFPE,0.8584493451713979,High
5687-DKDTV,0.4350628661369133,Medium
1568-LJSZU,0.05195353391968357,Low
7530-HDYDS,0.4534303903256606,Medium
7789-HKSBS,0.5285742081322288,Medium
7416-CKTEP,0.018321080556796987,Low
2586-CWXVV,0.25054763385749573,Low
3096-IZETN,0.7978561433232393,High
2348-KCJLT,0.1068177208970695,Low
8401-EMUWF,0.3188489753132863,Medium
4193-IBKSW,0.013123817666142878,Low
5377-NDTOU,0.04776253986749433,Low
5922-ABDVO,0.8062933184066138,High
2474-LCNUE,0.5775931937770735,Medium
0839-QNXME,0.055924473837302285,Low
3506-OVLKD,0.11088544923539781,Low
9172-ANCRX,0.8683997481051648,High
6650-VJONK,0.6627481100974523,High
2178-PMGCJ,0.6904474292432171,High
7492-TAFJD,0.2019248844608588,Low
2773-MADBQ,0.07553134295209059,Low
6016-LVTJQ,0.17622260185145902,Low
7860-KSUGX,0.02948632833374498,Low
8966-KZXXA,0.056684196370313675,Low
6910-HADCM,0.8531395125786997,High
4816-LXZYW,0.7734563126350603,High
9606-PBKBQ,0.8248456812868202,High
5149-QYTTU,0.12849168838393846,Low
2070-XYMFH,0.7638026964526141,High
2085-BOJKI,0.6591486084686566,High
0817-HSUSE,0.7502085551300396,High
5442-PPTJY,0.1192162634015805,Low
1927-QEWMY,0.00970294547023732,Low
1663-MHLHE,0.47211938380691104,Medium
5663-QBGIS,0.24049255504345995,Low
4450-MDZFX,0.45872283443937467,Medium
6701-DHKWQ,0.042857539807504376,Low
7554-AKDQF,0.6270612659151127,High
3536-IQCTX,0.8246476067092625,High
4911-BANWH,0.7306741046132935,High
8496-EJAUI,0.6749055842529474,High
0794-YVSGE,0.009538228855501964,Low
5423-BHIXO,0.5118960102469877,Medium
6908-VVYHM,0.5918594419252062,Medium
2959-EEXWB,0.32249100066788017,Medium
1839-UMACK,0.12037053532167927,Low
3030-YDNRM,0.8637377284804589,High
7321-KKSDU,0.05406290718309124,Low
3402-XRIUO,0.3711172848203272,Medium
3132-TVFDZ,0.43656558751543695,Medium
8286-AFUYI,0.6614275316440232,High
8080-DDEMJ,0.7702145608702138,High
8356-WUAOJ,0.7422020614752899,High
6365-MTGZX,0.7797012361053066,High
1349-WXNGG,0.4553256391145338,Medium
8058-DMYRU,0.698628595087066,High
9350-ZXYJC,0.18493018819391702,Low
6990-YNRIO,0.1609816757532876,Low
8958-JPTRR,0.07125046646400164,Low
6959-GQEGV,0.41028435512544986,Medium
3173-WSSUE,0.01012612988019042,Low
1265-HVPZB,0.09011970548403149,Low
4115-UMJFQ,0.05790667338992631,Low
7369-TRPFD,0.1664105516672717,Low
1098-KFQEC,0.019936342224838022,Low
7190-XHTWJ,0.08219752239372219,Low
0621-TWIEM,0.6682440412064735,High
3537-RYBHH,0.24625344915921607,Low
2485-ITVKB,0.8063114858779377,High
3669-OYSJI,0.653124827776195,High
1612-EOHDH,0.7416876689932221,High
6702-OHFWR,0.8090074242845595,High
5296-BFCYD,0.030400868335387743,Low
4510-PYUSH,0.25197318303491545,Low
9359-JANWS,0.02251700196971525,Low
7517-SAWMO,0.7077869358292845,High
4143-HHPMK,0.6022466422760927,High
3279-DYZQM,0.01063483850091532,Low
7054-LGEQW,0.6660257633195711,High
0523-VNGTF,0.30104819846363867,Medium
9575-IWCAZ,0.30746308173759646,Medium
7105-MXJLL,0.37236936464973747,Medium
7064-FRRSW,0.645887703343763,High
7940-UQQUG,0.28558536571746673,Low
0923-PNFUB,0.8642691660462442,High
3961-SXAXY,0.6619469763754731,High
7010-BRBUU,0.013171157822303447,Low
3566-HJGPK,0.6676174778545401,High
3062-ICYZQ,0.5845305200159497,Medium
9938-PRCVK,0.035555131427888784,Low
0973-KYVNF,0.030075822374433347,Low
5129-HHMZC,0.09396963806348776,Low
9637-CDTKZ,0.12950689820242142,Low
3946-JEWRQ,0.5478254255456214,Medium
7873-CVMAW,0.045971902333160224,Low
0463-WZZKO,0.43128397517198,Medium
3494-JCHRQ,0.8618960017048507,High
6474-FVJLC,0.9055694034226196,High
4524-QCSSM,0.38882670769893174,Medium
5832-EXGTT,0.39691243850784136,Medium
8840-DQLGN,0.5600595790224953,Medium
2039-JONDJ,0.17177421966098466,Low
7217-JYHOQ,0.31312141405717575,Medium
6695-FRVEC,0.02041760042323342,Low
4547-LYTDD,0.8379176998540437,High
9894-QMIMJ,0.2597862544096354,Low
8069-YQQAJ,0.5417609171504424,Medium
6770-XUAGN,0.5513897586061497,Medium
4193-ORFCL,0.7025264260145494,High
1636-NTNCO,0.7594768146778705,High
3466-WAESX,0.6168463669269605,High
9281-PKKZE,0.5010952827605901,Medium
3638-VBZTA,0.049730574886078266,Low
7459-IMVYU,0.29180694073377633,Low
7776-QWNFX,0.3993821910992102,Medium
6689-TCZHQ,0.893011390855249,High
8563-OYMQY,0.7342881485263222,High
0754-EEBDC,0.15898695948646463,Low
5777-ZPQNC,0.2768592981165463,Low
1951-IEYXM,0.045094781890658034,Low
3318-NMQXL,0.899992663471817,High
3143-ILDAL,0.5709277224126249,Medium
1022-RKXDR,0.092309503224321,Low
2361-FJWNO,0.12172561413856028,Low
2272-UOINI,0.603960744893606,High
8232-UTFOZ,0.011026281809366007,Low
3750-YHRYO,0.2483110378763223,Low
6637-KYRCV,0.7105660392113864,High
5668-MEISB,0.09342392016270015,Low
0129-QMPDR,0.060318100435053555,Low
7188-CBBBA,0.4090148945297615,Medium
5356-CSVSQ,0.747855231565215,High
3221-CJMSG,0.3668324882167052,Medium
4720-VSTSI,0.5603246997270646,Medium
3219-JQRSL,0.05260591361543178,Low
2801-NISEI,0.3703859439433089,Medium
3946-MHCZW,0.6553763583403518,High
4623-ZKHLY,0.25381702206640383,Low
6732-VAILE,0.06608796491134429,Low
8201-AAXCB,0.6592814211655615,High
7696-CFTAT,0.04185800629972424,Low
1845-CSBRZ,0.8085810021518128,High
2123-VSCOT,0.06915432700322648,Low
6651-AZVTJ,0.7755679647198677,High
4566-GOLUK,0.6408139881152899,High
2484-DGXPZ,0.19888281153103435,Low
2018-QKYGT,0.8864234609950299,High
2792-VPPET,0.5332430029833153,Medium
7409-JURKQ,0.39589525945685616,Medium
3247-MHJKM,0.4676579089541269,Medium
1964-SVLEA,0.1617215667395555,Low
4587-NUKOX,0.7694174589863573,High
7297-DVYGA,0.04585156624449679,Low
2239-CGBUZ,0.06257861945962209,Low
0854-UYHZD,0.11478868366263577,Low
7243-LCGGZ,0.4645379081881195,Medium
8267-KFGYD,0.4638696891587338,Medium
4890-VMUAV,0.08340722111922633,Low
9261-WDCAF,0.7088133117556294,High
3764-MNMOI,0.02916435025368373,Low
7442-YGZFK,0.7095223525077348,High
0420-BWTPW,0.6406818666892813,High
8229-BUJHX,0.010169715903732309,Low
7449-HVPIV,0.5872607293798265,Medium
5504-WSIUR,0.1787200380861484,Low
8183-ONMXC,0.8838936020334945,High
8466-PZBLH,0.15136185419836212,Low
9614-RMGHA,0.4810791634468475,Medium
8735-IJJEG,0.5306034770042886,Medium
0564-MUUQK,0.7281515950521887,High
5054-IEXZT,0.8409782316741866,High
5834-ASPWA,0.8868689076749252,High
0701-RFGFI,0.694438769416808,High
0019-EFAEP,0.11911098309422367,Low
5619-PTMIK,0.33139816826201446,Medium
3737-XBQDD,0.689036370988601,High
5882-CMAZQ,0.6366450063219803,High
5846-QFDFI,0.5533378046933872,Medium
4445-KWOKW,0.13729153215529644,Low
3511-APPBJ,0.5329770660635623,Medium
7967-HYCDE,0.766851482802628,High
2430-RRYUW,0.051171711684427704,Low
3948-XHGNA,0.35523796021523385,Medium
3723-BFBGR,0.5170521239450515,Medium
0565-IYCGT,0.06761129258010214,Low
5447-WZAFP,0.41385718537768396,Medium
5110-CHOPY,0.09335757462361062,Low
5445-UTODQ,0.8643601544902886,High
4425-OWHWB,0.15599910291129004,Low
7892-QVYKW,0.8379680834962527,High
9675-ICXCT,0.053230452047505275,Low
1024-VRZHF,0.8529279297333219,High
4703-MQYKT,0.08367460475099699,Low
9497-QCMMS,0.9373092622659444,High
5692-ICXLW,0.8085653183966612,High
0602-DDUML,0.053642396999473485,Low
2208-MPXIO,0.029984854082187914,Low
1960-UYCNN,0.8664337634366875,High
0348-SDKOL,0.579157836826689,Medium
3190-FZATL,0.3354028291648995,Medium
7336-RLLRH,0.2925187338016435,Low
4373-MAVJG,0.7969663691273496,High
8901-HJXTF,0.5676781559435458,Medium
7710-JSYOA,0.13605088386289593,Low
5419-KLXBN,0.6869385505534745,High
3424-NMNBO,0.4968633552054225,Medium
9885-MFVSU,0.08053889608737977,Low
4514-GFCFI,0.8814265601851334,High
0607-MVMGC,0.2945962970839912,Low
3365-SAIGS,0.8064220816222667,High
9828-AOQLM,0.7397958484989147,High
8022-BECSI,0.1497735000172176,Low
8000-REIQB,0.879402855110947,High
9993-LHIEB,0.032642529690407755,Low
0266-CLZKZ,0.1973837468075823,Low
7615-ESMYF,0.8396259240291005,High
3858-VOBET,0.799292887547153,High
7020-OZKXZ,0.7805440569294253,High
3977-QCRSL,0.42652915482954207,Medium
0017-DINOC,0.0415695103872203,Low
1447-PJGGA,0.3396478342553491,Medium
8565-CLBZW,0.7769811510926847,High
9139-WQQDY,0.5164408589517994,Medium
0224-HJAPT,0.7672772828651326,High
8086-OVPWV,0.8853825942644581,High
9430-FRQOC,0.766029955778121,High
7639-OPLNG,0.03473938784113687,Low
3074-GQWYX,0.8206167649661186,High
1492-QGCLU,0.36048567987072394,Medium
6845-RGTYS,0.6117391499443228,High
7328-OWMOM,0.10097918351266821,Low
4418-LZMSV,0.4105169937600802,Medium
5155-AZQPB,0.49099519031783817,Medium
8861-HGGKB,0.8826838174699626,High
1087-GRUYI,0.03973656573130659,Low
7065-YUNRY,0.668610362168926,High
7694-VLBWQ,0.4979849528719642,Medium
2546-KZAAT,0.15017721024352707,Low
0181-RITDD,0.13380004110320354,Low
5989-PGKJB,0.8104050409568145,High
4795-KTRTH,0.8717740842283903,High
8272-ONJLV,0.7735052881600547,High
1488-PBLJN,0.13343078729217914,Low
0308-GIQJT,0.3292625854874234,Medium
3778-FOAQW,0.13786467177492556,Low
4452-ROHMO,0.10682301543406304,Low
6481-OGDOO,0.18649484757759888,Low
3090-LETTY,0.5639155808984244,Medium
5349-AZPEW,0.6700740173343211,High
3753-TSEMP,0.8745810402699205,High
8305-VHZBZ,0.4676579089541269,Medium
9720-JJJOR,0.11323989192848805,Low
8100-HZZLJ,0.33783763921712173,Medium
8775-ERLNB,0.903227914704966,High
8309-IEYJD,0.835480768053692,High
9172-JITSM,0.8297282862795238,High
6298-QDFNH,0.7829208793312499,High
7398-HPYZQ,0.04687390434767257,Low
3546-GHEAE,0.14431777552539113,Low
7361-YPXFS,0.4016441862359271,Medium
6557-BZXLQ,0.8166897887035323,High
2550-QHZGP,0.25136113956897427,Low
7519-JTWQH,0.1827280752038007,Low
2538-OIMXF,0.707152764023515,High
8543-MSDMF,0.7176158094323091,High
9961-JBNMK,0.8072192169507164,High
1170-SASML,0.3736641535055,Medium
4872-JCVCA,0.014630796536668733,Low
5346-BZCHP,0.011603455046522129,Low
2038-LLMLM,0.7232894531289514,High
6173-ITPWD,0.5425945803985585,Medium
9734-UYXQI,0.7804887150248545,High
1216-BGTSP,0.5706590729965266,Medium
4138-NAXED,0.49710283835899766,Medium
2189-UXTKY,0.5863569135906509,Medium
0744-BIKKF,0.04622439254302416,Low
7483-IQWIB,0.755201576417699,High
5248-KWLAR,0.06767306694138257,Low
4958-GZWIY,0.6925762383039674,High
7996-MHXLW,0.01688967801593753,Low
7833-PKIHD,0.12642576831531574,Low
7061-OVMIM,0.10673063778865292,Low
5153-RTHKF,0.7898931949711937,High
1852-QSWCD,0.018954231347185605,Low
4832-VRBMR,0.4505729549717409,Medium
9079-LWTFD,0.44705754928263103,Medium
6356-ELRKD,0.8646576191912531,High
8624-GIOUT,0.20815080629754412,Low
3392-EHMNK,0.14002088130144447,Low
5986-WWXDV,0.0752937345730673,Low
3061-BCKYI,0.3363359544133715,Medium
6179-GJPSO,0.5059234593336569,Medium
7901-TBKJX,0.7677835298191821,High
7228-PAQPD,0.3495759898591557,Medium
3177-LASXD,0.8591010192169305,High
7746-QYVCO,0.2418286008411884,Low
5804-HYIEZ,0.5656540638326408,Medium
9919-FZDED,0.06844285789815892,Low
5934-TSSAU,0.6653407265187684,High
3486-KHMLI,0.3247103114201741,Medium
4897-QSUYC,0.4678808658812782,Medium
1084-UQCHV,0.8075273305871299,High
8290-YWKHZ,0.8650583373646452,High
2955-BJZHG,0.8266179538567362,High
3806-DXQOM,0.6334146668877815,High
6784-XYJAE,0.32519548061661313,Medium
3933-DQPWX,0.04510497434621103,Low
6661-EIPZC,0.19148809855683677,Low
8957-THMOA,0.02419080458436838,Low
2251-PYLPB,0.032842771756803515,Low
5555-RNPGT,0.4203729174072602,Medium
1057-FOGLZ,0.3014631401099782,Medium
9300-RENDD,0.8858634721541203,High
0761-AETCS,0.55890916567781,Medium
8087-LGYHQ,0.8844314296810096,High
4137-BTIKL,0.8163005679390625,High
2190-BCXEC,0.5353917994984222,Medium
6227-FBDXH,0.40295041307000196,Medium
2153-MREFK,0.4657724402267613,Medium
2911-WDXMV,0.7481638534543092,High
7206-PQBBZ,0.8422269779824426,High
3106-ULWFW,0.8439994948027463,High
0925-VYDLG,0.8812379123947208,High
4547-FZJWE,0.10772153115693571,Low
7422-WNBTY,0.7796785116159666,High
0842-IWYCP,0.26726732707923107,Low
3521-HTQTV,0.061532249807032875,Low
3744-ZBHON,0.5340117512861381,Medium
3373-DIUUN,0.0585096999187839,Low
8383-SGHJU,0.21478879637025178,Low
7607-QKKTJ,0.4559417168688599,Medium
7707-PYBBH,0.17463351529883672,Low
8984-HPEMB,0.1893770004443943,Low
4349-GFQHK,0.7783144989411095,High
4139-DETXS,0.02928879923139094,Low
9779-DPNEJ,0.8096423062832713,High
9805-FILKB,0.05526575929407961,Low
5793-YOLJN,0.020960920066712088,Low
0673-IGUQO,0.4665433198091012,Medium
4123-FCVCB,0.4900367976852129,Medium
8819-IMISP,0.728779937905199,High
7802-EFKNY,0.7417605509079835,High
8311-UEUAB,0.10895539978608844,Low
5858-EAFCZ,0.6719749240140926,High
8035-BUYVG,0.1621714673925794,Low
1163-ONYEY,0.3159855662675167,Medium
9787-XVQIU,0.8871381854879783,High
8945-MUQUF,0.4125164151496796,Medium
5656-MJEFC,0.06434927624335957,Low
6082-OQFBA,0.14414594339557424,Low
8051-HJRLT,0.8782584872832403,High
8974-OVACP,0.4678808658812782,Medium
4010-YLMVT,0.5387951364974427,Medium
1379-FRVEB,0.8497074545617284,High
8612-GXIDD,0.13954354511042866,Low
6288-CHQJB,0.04613887451908758,Low
8160-HOWOX,0.7829956484166413,High
3023-GFLBR,0.7204577115423246,High
6648-INWPS,0.39750780450245315,Medium
4223-BKEOR,0.28773359718172875,Low
4079-VTGLK,0.38484627066094446,Medium
1763-WQFUK,0.5663190633317836,Medium
1391-UBDAR,0.8190270673493635,High
8894-JVDCV,0.27726059922177215,Low
2023-VQFDL,0.38047031779723334,Medium
1345-GKDZZ,0.4182549770821835,Medium
2014-MKGMH,0.6456792122967971,High
5628-FCGYG,0.8502474276750845,High
2560-WBWXF,0.015085937790978889,Low
0248-IPDFW,0.7842895108071521,High
7978-DKUQH,0.7367502802110801,High
4335-UPJSI,0.07485823507977513,Low
0524-IAVZO,0.8154750212953976,High
2737-YNGYW,0.8848025691771672,High
1784-EZDKJ,0.4910816751093143,Medium
9297-FVVDH,0.10877242449505155,Low
8007-YYPWD,0.12543324417739185,Low
7101-HRBLJ,0.03470666074976173,Low
5159-YFPKQ,0.8507332875569139,High
6635-CPNUN,0.7160138823447821,High
4021-RQSNY,0.8765169217098536,High
5453-YBTWV,0.07215966640088985,Low
5039-LZRQT,0.20496452945792396,Low
2931-VUVJN,0.2597246735981205,Low
9061-TIHDA,0.913143104612595,High
8699-ASUFO,0.8450245575880017,High
6418-PIQSP,0.05116723797270415,Low
8220-OCUFY,0.2352689436362818,Low
3995-WFCSM,0.7683553609748897,High
1895-QTKDO,0.6621976227423763,High
2038-OEQZH,0.871303197876192,High
1178-PZGAB,0.158657887806519,Low
7927-AUXBZ,0.7005932572277282,High
2626-VEEWG,0.01192790678803306,Low
2878-RMWXY,0.14366410581970576,Low
1657-DYMBM,0.021790822092583158,Low
7311-MQJCH,0.3420500135353719,Medium
7375-WMVMT,0.11436727176354267,Low
1136-XGEQU,0.2051268567106964,Low
2530-FMFXO,0.35015281069327614,Medium
6844-DZKRF,0.5641805007784793,Medium
4695-WJZUE,0.9177716069631062,High
7619-ODSGN,0.5160325674039079,Medium
5970-GHJAW,0.02851015248416573,Low
8879-XUAHX,0.19909518265648146,Low
3689-MOZGR,0.43047637346144024,Medium
4195-PNGZS,0.015001898742680335,Low
5003-XZWWO,0.06547425400732622,Low
3988-RQIXO,0.9183665626225057,High
7622-FWGEW,0.06147837361877554,Low
6922-NCEDI,0.0394951975249327,Low
2514-GINMM,0.8866758767496126,High
9891-NQDBD,0.14823051952915303,Low
6131-IUNXN,0.2891738629001367,Low
8548-AWOFC,0.27574613123725294,Low
9798-DRYDS,0.3204087697827467,Medium
8532-UEFWH,0.03121529681495001,Low
6296-DDOOR,0.44868794129972794,Medium
7951-VRDVK,0.16337485747699618,Low
5931-FLJJF,0.8078978847072251,High
4815-YOSUK,0.17453008350270527,Low
2659-VXMWZ,0.4062956589259613,Medium
0380-NEAVX,0.6596549770305854,High
3207-OYBWH,0.5865553452730443,Medium
4285-GYRQC,0.8583956082777209,High
7216-EWTRS,0.9318903692956946,High
4365-MSDYN,0.3847510347285759,Medium
7036-TYDEC,0.26930338786661423,Low
5802-ADBRC,0.44674269387923315,Medium
8076-FEZKJ,0.22938393131125864,Low
5197-YPYBZ,0.13880928394626726,Low
8337-MSSXB,0.8193407170124025,High
4312-GVYNH,0.023800936138780128,Low
8495-LJDFO,0.49852407210677147,Medium
0839-JTCUD,0.05412083405547195,Low
5494-WOZRZ,0.03922820227702134,Low
1302-UHBDD,0.8679625649208861,High
2234-EOFPT,0.033531094811276724,Low
8619-IJNDK,0.01660400861835232,Low
8378-LKJAF,0.7566861038343751,High
8182-BJDSI,0.8053381912180329,High
2528-HFYZX,0.7847693418865942,High
1153-GNOLC,0.34261845998186335,Medium
3298-QEICA,0.10148148447625585,Low
0788-DXBFY,0.05054344793697243,Low
3597-YASZG,0.20663710208574823,Low
3496-LFSZU,0.8493658755961422,High
5242-UOWHD,0.03162985669115695,Low
2482-CZGBB,0.8251293804414722,High
6479-SZPLM,0.04428075240836795,Low
8097-VBQTZ,0.15476040143760933,Low
4500-HKANN,0.1506832825694782,Low
9917-KWRBE,0.17999777344714896,Low
3420-ZDBMA,0.8154142677445115,High
2212-LYASK,0.30117289827051985,Medium
1393-IMKZG,0.8717405950222217,High
8069-RHUXK,0.01880319581080153,Low
3398-GCPMU,0.05322911297734686,Low
2908-WGAXL,0.025690690588453177,Low
3378-AJRAO,0.11246387992095572,Low
1013-QCWAM,0.7009983789001415,High
0866-QLSIR,0.13873945688104028,Low
6050-FFXES,0.20103881705081145,Low
7181-BQYBV,0.8906822412771547,High
0362-RAOQO,0.03741253624575239,Low
9554-DFKIC,0.36313644478174867,Medium
5527-ACHSO,0.6199481572039619,High
0829-DDVLK,0.18323036936332682,Low
1399-UBQIU,0.7586067914876808,High
1813-JLKWR,0.027283776028490553,Low
0336-PIKEI,0.027097439825344224,Low
7322-OCWHC,0.07772020185416839,Low
9537-VHDTA,0.5649524136726093,Medium
4957-TIALW,0.17942815149098848,Low
2054-PJOCK,0.1760237493215545,Low
9150-HEPMB,0.08357471505230127,Low
9030-QGZNL,0.13550832947854838,Low
6204-IEUXJ,0.722277322925068,High
3126-WQMGH,0.29575808828864825,Low
4529-CKBCL,0.8820184806781638,High
2506-CLAKW,0.6405636803327732,High
7176-WRTNX,0.12942808245149212,Low
1583-IHQZE,0.7873515396144589,High
5732-IKGQH,0.32134557240107037,Medium
9239-GZHZE,0.13134714282021123,Low
7205-BAIAD,0.03679882696469021,Low
0151-ONTOV,0.8124086832476499,High
4140-MUHUG,0.8864624358651663,High
0093-EXYQL,0.7933357543472168,High
8064-RAVOH,0.7333583353120181,High
0219-QAERP,0.1055918099963777,Low
0320-JDNQG,0.7212863400917333,High
7180-PISOG,0.8885649022243444,High
9168-INPSZ,0.7687676171730763,High
3571-RFHAR,0.6034771262998055,High
0015-UOCOJ,0.6454380647837755,High
5334-AFQJB,0.01523319981395476,Low
2754-SDJRD,0.8529620974843499,High
9578-VRMNM,0.6414994752147462,High
1587-FKLZB,0.6484762589761626,High
6140-QNRQQ,0.8106279555983945,High
8963-JLGJT,0.5363933380039608,Medium
4307-KTUMW,0.6134565518513538,High
1465-LNTLJ,0.6070419135543811,High
5440-FLBQG,0.20827679743553076,Low
2135-DQWAQ,0.8046795148464301,High
4056-QHXHZ,0.14554793686419934,Low
7470-MCQTK,0.6933239962770412,High
7488-MXJIV,0.8985312790422714,High
7401-JIXNM,0.07352988179764196,Low
9339-FIIJL,0.0632778587565332,Low
2027-FECZV,0.8821656194824611,High
2672-DZUOY,0.7727142331542963,High
4706-DGAHW,0.7698974116258949,High
3870-MQAMG,0.4942259340808165,Medium
6670-MFRPK,0.1367568000042393,Low
6177-PEVRA,0.04676066287319268,Low
4800-CZMPC,0.42424133786384643,Medium
4813-HQMGZ,0.8527325472977033,High
7579-KKLOE,0.0505443772203446,Low
7377-DMMRI,0.653581173933275,High
8402-EIVQS,0.24605945771676246,Low
4947-DSMXK,0.7608795546886877,High
7245-NIIWQ,0.8542507867152072,High
0002-ORFBO,0.3578579841031918,Medium
3324-OIRTO,0.22871222553966014,Low
5414-OFQCB,0.19205206758050639,Low
4967-WPNCF,0.029291667258606595,Low
8552-OBVRU,0.6152141812102592,High
8499-BRXTD,0.17341752958447684,Low
9154-QDGTH,0.4910192243181614,Medium
8197-BFWVU,0.04532762473773302,Low
2577-GVSIL,0.3218198426813435,Medium
9367-OIUXP,0.4332710815722484,Medium
6770-UAYGJ,0.03510982830367774,Low
6463-HHXJR,0.12041099781193751,Low
7928-VJYAB,0.8815150257084331,High
1187-WILMM,0.05798938526322348,Low
9776-OJUZI,0.5285570477109989,Medium
1306-RPWXZ,0.02547672345926936,Low
8949-JTMAY,0.7999328394508879,High
2774-LVQUS,0.8086885236199124,High
3097-PYWXL,0.5243168538602835,Medium
2266-SJNAT,0.30011299496133576,Medium
0869-PAPRP,0.7279925927496265,High
4238-JSSWH,0.7869071618941638,High
2972-YDYUW,0.3994612755302208,Medium
1104-FEJAM,0.6189137064440501,High
2809-ILCYT,0.1656305666056731,Low
5499-ECUTN,0.13349709525885736,Low
4981-FLTMF,0.128039881486605,Low
9121-PHQSR,0.832879782893323,High
3113-IWHLC,0.5196032544679844,Medium
3211-ILJTT,0.713721837748144,High
4612-THJBS,0.4806501384295443,Medium
4277-BWBML,0.009440733238527241,Low
4094-NSEDU,0.8958792515335068,High
0234-TEVTT,0.13283591684911583,Low
4304-TSPVK,0.1439641065153511,Low
1552-AAGRX,0.6486149756797931,High
2637-FKFSY,0.6482590999362235,High
9796-MVYXX,0.15701972325175875,Low
7874-ECPQJ,0.42399581814453474,Medium
0020-INWCK,0.17056615894550228,Low
7089-RKVSZ,0.29185105023202706,Low
2683-JXWQQ,0.11890170389358852,Low
9548-ZMVTX,0.09265371703952159,Low
8739-XNIKG,0.898972892970492,High
9755-JHNMN,0.033593992477215354,Low
3981-QSVQI,0.3844991664076346,Medium
2789-HQBOU,0.8818596061219344,High
9424-CMPOG,0.13355517726577368,Low
5067-WJEUN,0.02592489314150163,Low
3450-WXOAT,0.2619451697975001,Low
9251-WNSOD,0.09910475402584883,Low
6974-DAFLI,0.05798074708778768,Low
2616-UUTFK,0.38096019343044607,Medium
7064-JHXCE,0.014807915024650002,Low
5103-MHMHY,0.6660257633195711,High
7989-AWGEH,0.30634773862936565,Medium
4373-VVHQL,0.7430578953279384,High
4559-UWIHT,0.8211544024518891,High
7268-IGMFD,0.7685642870150297,High
1846-XWOQN,0.8790224341806696,High
0235-KGSLC,0.8301750854528418,High
6650-BWFRT,0.13400424584160553,Low
9570-KYEUA,0.12870263351784125,Low
6993-YGFJV,0.1424451025145184,Low
2712-SYWAY,0.6098894327790418,High
0730-BGQGF,0.04594221175845806,Low
5498-IBWPI,0.058209012784982014,Low
9101-NTIXF,0.4611726835088478,Medium
0013-SMEOE,0.12051057617108918,Low
9314-QDMDW,0.5119821520420044,Medium
9308-ANMVE,0.24181561051444111,Low
2884-GBPFB,0.6742359164628955,High
3757-NJYBX,0.7881017859568588,High
3413-DHLPB,0.5255230036979772,Medium
7649-PHJVR,0.22120580969672266,Low
6114-TCFID,0.12775488655181516,Low
3787-TRIAL,0.5942449080734938,Medium
2573-GYRUU,0.6668403296810506,High
5156-UMKOW,0.65498632775883,High
1247-QBVSH,0.2727427063779243,Low
6734-GMPVK,0.9018337944838517,High
9822-OAOVB,0.78429723255525,High
6161-ERDGD,0.14536180232772727,Low
1226-JZNKR,0.3128160742572683,Medium
7318-EIVKO,0.7813299116645975,High
3771-PZOBW,0.7834875007788655,High
5136-KCKGI,0.5552528465067268,Medium
8231-BSWXX,0.21076671507492434,Low
6486-LHTMA,0.6974560011012363,High
4083-BFNYK,0.44139857917779685,Medium
3722-WPXTK,0.9104650338414444,High
7389-KBFIT,0.6618621951952456,High
7176-WIONM,0.6983309237884875,High
5141-ZUVBH,0.6604460753247801,High
1089-HDMKP,0.585918370132482,Medium
7623-HKYRK,0.4167138026406117,Medium
0310-SUCIN,0.06837314599333795,Low
5197-PYEPU,0.37240878476176,Medium
2929-ERCFZ,0.888160922194867,High
7548-SEPYI,0.8816090976171134,High
8835-VSDSE,0.8566237895692728,High
6619-RPLQZ,0.031114126799614828,Low
3275-RHRNE,0.28385177575326126,Low
3503-TYDAY,0.6526542738696989,High
6901-GOGZG,0.09771142689517531,Low
1623-NLDOT,0.12350975396887078,Low
7021-XSNYE,0.1977703370746854,Low
9621-OUPYD,0.1275804893355651,Low
9898-KZQDZ,0.7694650659334396,High
8982-NHAVY,0.6627365106104119,High
4307-KWMXE,0.5858006521634678,Medium
0141-YEAYS,0.7015103097762266,High
2450-ZKEED,0.31252527863627755,Medium
3694-DELSO,0.6282845669815862,High
3893-JRNFS,0.17567206655386253,Low
9603-OAIHC,0.8792127738380923,High
1133-KXCGE,0.17357671916160847,Low
5236-PERKL,0.22175627663287287,Low
0142-GVYSN,0.298817168429129,Low
1049-FYSYG,0.4950676012415787,Medium
7854-FOKSF,0.8102705580735751,High
2519-FAKOD,0.7560919271983869,High
8406-LNMHF,0.1931710380719813,Low
1821-BUCWY,0.09855090629079878,Low
8263-JQAIK,0.7306258332844179,High
0023-UYUPN,0.10544078611494465,Low
8314-DPQHL,0.32491722478958485,Medium
1465-WCZVT,0.44891113954318806,Medium
9481-SFCQY,0.5932060548556226,Medium
6360-SVNWV,0.5507758761861127,Medium
0567-GGCAC,0.5492028969747783,Medium
7089-IVVAZ,0.7683123954477007,High
8884-MRNSU,0.17099173953424582,Low
2171-UDMFD,0.1841927973053884,Low
9050-IKDZA,0.8575818351055214,High
2205-YMZZJ,0.9052694086758334,High
9802-CAQUT,0.16842670486371716,Low
1254-IZEYF,0.8540319467384022,High
0187-WZNAB,0.5620921059056871,Medium
9492-TOKRI,0.7732698371750228,High
1475-VWVDO,0.8308649383427625,High
9221-OTIVJ,0.8971190372490492,High
1357-MVDOZ,0.6204793755151412,High
7602-MVRMB,0.145081877213349,Low
3325-FUYCG,0.6270999276951029,High
5908-QMGOE,0.8021221225858041,High
1197-BVMVG,0.8944201683215772,High
5406-KGRMX,0.02027823771751698,Low
8481-YYXWG,0.8112366551001692,High
5968-HYJRZ,0.03850687046765255,Low
5198-EFNBM,0.43089918368720775,Medium
7516-GMHUV,0.30219606706173574,Medium
7140-ADSMJ,0.3807967370256128,Medium
2230-XTUWL,0.027706500257304374,Low
7706-YLMQA,0.020768511988336645,Low
2585-KTFRE,0.486394981178958,Medium
7994-UYIVZ,0.8439148293504093,High
2609-IAICY,0.8837777446560933,High
1740-CSDJP,0.742868825313966,High
7717-BICXI,0.01675450853589806,Low
6559-RAKOZ,0.5642132707317317,Medium
2636-OHFMN,0.808646065153678,High
4716-MRVEN,0.11554368947893236,Low
2143-LJULT,0.01626540421363715,Low
1323-OOEPC,0.6505179775821477,High
3200-MNQTF,0.025253756267671432,Low
6164-HXUGH,0.41644998544874223,Medium
5630-IXDXV,0.757638081334145,High
0320-DWVTU,0.12110925911761679,Low
9135-MGVPY,0.03929146178954876,Low
1212-GLHMD,0.7720332273647343,High
7878-JGDKK,0.6483439241582105,High
1088-AUUZZ,0.05047152235053845,Low
0397-GZBBC,0.6764282944606913,High
6614-YWYSC,0.023886428705723203,Low
9588-OZDMQ,0.734960148584388,High
7641-EUYET,0.6506320859946231,High
6476-EPYZR,0.35378443724760733,Medium
9921-ZVRHG,0.8334964296541981,High
1174-FGIFN,0.6160834612601014,High
6620-HVDUJ,0.25280559190558016,Low
4701-MLJPN,0.3986819831397542,Medium
1032-MAELW,0.10192871409695443,Low
7641-TQFHN,0.3580241528938525,Medium
1552-TKMXS,0.12637122729940795,Low
9206-GVPEQ,0.6191402981429935,High
8622-ZLFKO,0.8797133850528935,High
1596-BBVTG,0.6466466468152058,High
6188-UXBBR,0.07795879105129065,Low
2333-KWEWW,0.08998886704722645,Low
5702-SKUOB,0.43924532580643544,Medium
1134-YWTYF,0.40665558333450724,Medium
6061-GWWAV,0.15342233515090972,Low
0679-TDGAK,0.1893215249497406,Low
6585-WCEWR,0.01404599910003771,Low
9067-YGSCA,0.028348464569888668,Low
9067-SQTNS,0.060956031199945325,Low
8433-WXGNA,0.7977277459997222,High
1776-SPBWV,0.09053767789254119,Low
8735-SDUFN,0.015426096449015984,Low
9668-PUGNU,0.020712354697881217,Low
9405-GPBBG,0.20656147098646813,Low
1926-QUZNN,0.01320466719829916,Low
3707-GNWHM,0.8494734997113877,High
7016-NVRIC,0.4663331239525289,Medium
5829-NVSQN,0.2113493386669258,Low
9565-AXSMR,0.024049280436434547,Low
8922-LIEGH,0.8356318434583554,High
8869-LIHMK,0.15356704296121662,Low
8245-UMPYT,0.9059192441440973,High
5186-SAMNZ,0.8309491818025384,High
0447-RXSGD,0.7987028153347653,High
4927-WWOOZ,0.8983569712924462,High
5788-YPOEG,0.0998174869965434,Low
5373-SFODM,0.7423762135937535,High
0661-KBKPA,0.21055283458238858,Low
9081-WWXKP,0.02715344347526703,Low
0784-ZQJZX,0.00986497039205205,Low
3133-PZNSR,0.09285795254712471,Low
5766-ZJYBB,0.4712267095070352,Medium
8931-GJJIQ,0.892483891542928,High
4277-PVRAN,0.8088390633930673,High
0022-TCJCI,0.17001607326726995,Low
0722-SVSFK,0.8487622490114834,High
3612-YVGSJ,0.013558727530441572,Low
9825-YCXWZ,0.46331328662153826,Medium
5397-NSKQG,0.04794379066179958,Low
8565-HBFNN,0.18221592375919735,Low
2000-DHJUY,0.055923662262466214,Low
0203-HHYIJ,0.1605348418584098,Low
8670-ERCJH,0.13292047346086316,Low
7758-UJWYS,0.16568222108016284,Low
2050-ONYDQ,0.017318678010339015,Low
7055-JCGNI,0.13773395351303333,Low
0739-UUAJR,0.04343385069327153,Low
4826-DXMUP,0.2633147935308561,Low
0952-KMEEH,0.8115883167462378,High
7285-KLOTR,0.558593909043675,Medium
0654-PQKDW,0.06511622700050375,Low
7175-NTIXE,0.3985621355346965,Medium
7963-SHNDT,0.030815464967098347,Low
9796-BPKIW,0.7956612328766132,High
0188-GWFLE,0.4573510267693748,Medium
8129-GMVGI,0.01985162968949641,Low
2882-DDZPG,0.3448588134224494,Medium
3547-LQRIK,0.10033471834492651,Low
9137-NOQKA,0.5864177121143557,Medium
5843-TTHGI,0.5096770498973988,Medium
1849-RJYIG,0.6481854251813438,High
8868-GAGIO,0.4890680697630097,Medium
4061-UKJWL,0.6515007191955464,High
5380-XPJNZ,0.07995540797600381,Low
8263-QMNTJ,0.18906363777249677,Low
8178-EYZUO,0.6216200197886576,High
3230-JCNZS,0.12396466750678302,Low
0277-ORXQS,0.054659078374480564,Low
5130-IEKQT,0.8202069250198645,High
3230-WYKIR,0.4197910394884281,Medium
7996-BPXHY,0.13531774119530293,Low
3227-WLKLI,0.05509744682748095,Low
0407-BDJKB,0.620172292353568,High
2266-FUBDZ,0.10618255212440443,Low
8237-ULIXL,0.013376752976442646,Low
9600-UDOPK,0.7967130545615332,High
8216-AZUUZ,0.3615420202631458,Medium
9153-BTBVV,0.013638477419583052,Low
4074-SJFFA,0.7217700907640165,High
3269-ATYWD,0.7787522329349927,High
5186-PEIZU,0.1628415475182441,Low
1074-AMIOH,0.5147535611644304,Medium
4910-GMJOT,0.9263633888588941,High
0354-WYROK,0.7764948066165668,High
4361-FEBGN,0.026581843491208505,Low
7748-UMTRK,0.8243355532893754,High
0380-ZCSBI,0.3625376711623463,Medium
7145-FEJWU,0.8852503170738565,High
6463-MVYRY,0.046903526798804544,Low
3969-JQABI,0.16718387437336055,Low
9624-EGDEQ,0.044796943426492604,Low
1051-EQPZR,0.12130603736811678,Low
5849-ASHZJ,0.11867957807423049,Low
5780-INQIK,0.6123615751892264,High
7576-OYWBN,0.8948621223543993,High
4526-ZJJTM,0.7239902128742445,High
8384-FZBJK,0.7099239068191675,High
3750-RNQKR,0.35769343291154343,Medium
0962-CQPWQ,0.014852106008333423,Low
3096-YXENJ,0.20790303775847585,Low
1265-BCFEO,0.07030827039743852,Low
5837-LXSDN,0.3365529833818305,Medium
5945-AZYHT,0.3876236444022222,Medium
8325-QRPZR,0.8312613587698242,High
6384-VMJHP,0.02400591053928656,Low
2262-SLNVK,0.8617893688110024,High
7730-CLDSV,0.13131944670490608,Low
1135-HIORI,0.4451285765607565,Medium
0164-APGRB,0.19324177085782623,Low
6481-ESCNL,0.7924205842254373,High
1790-NESIO,0.11314681375436901,Low
1550-EENBN,0.7688917899723807,High
5539-TMZLF,0.8797822433891903,High
4323-SADQS,0.555422441755992,Medium
4446-BZKHU,0.6902272866104125,High
5202-IVJNU,0.31426501517901106,Medium
5976-JCJRH,0.8242877831888181,High
8198-RKSZG,0.6069680747329703,High
0137-OCGAB,0.8253801194022582,High
3351-NQLDI,0.2053562540602312,Low
9297-EONCV,0.046920046342442685,Low
7593-JNWRU,0.616087199136198,High
4588-YBNIB,0.4703342192066641,Medium
1069-QJOEE,0.18017969944026072,Low
3336-JORSO,0.7949175279688804,High
7799-DSEWS,0.48377113663452026,Medium
8766-PAFNE,0.048596972680629257,Low
5315-CKEQK,0.43210504352227735,Medium
3130-ICDUP,0.7695207214792356,High
0820-FNRNX,0.45213800683032207,Medium
0880-FVFWF,0.47536293957907744,Medium
4611-ANLQC,0.11433192179513976,Low
4213-HKBJO,0.06273916436553913,Low
2792-LSHWX,0.6382261002672246,High
5028-GZLDO,0.79966753295636,High
0014-BMAQU,0.09007700750870085,Low
6861-XWTWQ,0.9228957598019959,High
9018-PCIOK,0.07937103077648419,Low
4837-QUSFT,0.19862415458957913,Low
6877-TJMBR,0.8447156898922595,High
9953-ZMKSM,0.019875429730997752,Low
0907-HQNTS,0.15996524115820943,Low
7665-NKLAV,0.059664745923367166,Low
6769-DCQLI,0.3410148545866239,Medium
2433-KMEAS,0.5296432306399956,Medium
4391-LNRXK,0.6350787382165457,High
8250-ZNGGW,0.43230012223705,Medium
2195-ZRVAX,0.6682633385074924,High
3550-SAHFP,0.8026950697075227,High
2011-TRQYE,0.49058692616686356,Medium
8562-GHPPI,0.4562699360341405,Medium
5893-PYOLZ,0.07328115475690136,Low
4986-MXSFP,0.45795748068573516,Medium
6131-FOYAS,0.41611680390713834,Medium
3027-YNWZU,0.01819462728153884,Low
5609-IMCGG,0.6908317497471707,High
4873-ILOLJ,0.8401925720631374,High
4727-MCYZG,0.7188834894327596,High
9481-WHGWY,0.039471535492391976,Low
2725-KXXWT,0.9068984723487045,High
9565-DJPIB,0.8452697519006073,High
4328-VUFWD,0.2513698102373444,Low
3301-LSLWQ,0.5414740269676835,Medium
7473-ZBDSN,0.11122542680453461,Low
3166-PNEOF,0.06539637891506339,Low
5639-NTUPK,0.440158336577862,Medium
8780-YRMTT,0.018679902469085224,Low
8348-HFYIV,0.8335334109010354,High
5140-FOMCQ,0.3625493761885571,Medium
6242-SGYTS,0.2547549323993798,Low
8166-ORCHU,0.43084151904294765,Medium
8414-OOEEL,0.05598620792767693,Low
8454-AATJP,0.13534231326683321,Low
6849-WLEYG,0.4696649756406511,Medium
4659-NZRUF,0.7748376355691955,High
4531-AUZNK,0.2945717934086104,Low
4191-XOVOM,0.6206340037722984,High
2150-OEGBV,0.11887168766841166,Low
8429-XIBUM,0.7610630073854059,High
1855-CFULU,0.47528525318389436,Medium
4878-BUNFV,0.03529465646307687,Low
1872-EBWSC,0.11528946188339394,Low
2608-BHKFN,0.7906445490871694,High
7026-YMSBE,0.11190258826344021,Low
7341-LXCAF,0.8787555865689266,High
6997-UVGOX,0.03474156715564509,Low
9674-EHPPG,0.04067798262952365,Low
9462-MJUAW,0.6958176494666881,High
8128-YVJRG,0.7555669454990408,High
5440-VHLUL,0.3185131049081033,Medium
5781-BKHOP,0.12200776263763313,Low
4283-FUTGF,0.8355362252709684,High
5213-TWWJU,0.714965455090166,High
1569-TTNYJ,0.8596376307911421,High
8628-MFKAX,0.14694255832948955,Low
2397-BRLOM,0.8276232906493044,High
7629-WIXZF,0.48978474287593576,Medium
5445-GLVOT,0.46543849107138474,Medium
3976-HXHCE,0.009739050462178545,Low
2466-NEJOJ,0.38459783105018497,Medium
0254-KCJGT,0.110212883920694,Low
5472-CVMDX,0.019291093800195166,Low
6461-SZMCV,0.04864150323560567,Low
8150-QUDFX,0.4591996457083057,Medium
9508-ILZDG,0.7314989062573528,High
2346-DJQTB,0.45258665220825695,Medium
1697-LYYYX,0.030419896764745435,Low
1942-OQFRW,0.7456142218480692,High
4749-VFKVB,0.7192360936563117,High
9640-ZSLDC,0.16315199141416492,Low
4231-LZUYM,0.013237648248182481,Low
7598-UAASY,0.8491024272615335,High
7938-OUHIO,0.8646002846946141,High
8510-AWCXC,0.8735798197111216,High
6128-AQBMT,0.5565338400924441,Medium
3594-BDSOA,0.13180254512700845,Low
0431-APWVY,0.6071019111450173,High
5133-VRSAB,0.5433575191699775,Medium
5996-DAOQL,0.4665433198091012,Medium
6838-YAUVY,0.2062039018216148,Low
0484-JPBRU,0.1648260636394196,Low
7883-ROJOC,0.5079012674149174,Medium
0244-LGNFY,0.04621328783767894,Low
7274-CGTOD,0.02027704836912359,Low
4295-YURET,0.06797328731547245,Low
3426-NIYYL,0.6810081639015908,High
8225-BTJAU,0.8775847505022136,High
4635-EJYPD,0.0545975160884289,Low
1866-ZSLJM,0.25969816140638785,Low
4636-TVXVG,0.029255326729760587,Low
4236-UJPWO,0.767269281839728,High
9392-XBGTD,0.065800296620716,Low
3387-VATUS,0.8824117434388026,High
6402-SSEJG,0.3782929520049301,Medium
1143-NMNQJ,0.9061123797172784,High
1169-SAOCL,0.4208849661110065,Medium
1110-KYLGQ,0.5066199749398258,Medium
9929-PLVPA,0.42275247990007747,Medium
3518-PZXZQ,0.7146661135626148,High
2371-JUNGC,0.36331796840025404,Medium
7693-QPEFS,0.5639332772197674,Medium
0924-BJCRC,0.656272386209476,High
5074-FBGHB,0.37516579164373015,Medium
2351-BKRZW,0.11162619712222442,Low
4455-BFSPD,0.3884152760075313,Medium
0415-MOSGF,0.6721722946460711,High
1724-BQUHA,0.9127131508162944,High
3948-KXDUF,0.026198452286432986,Low
2323-ARSVR,0.15450218283151032,Low
0815-MFZGM,0.2724045033547234,Low
4826-XTSOH,0.918228757372953,High
5480-XTFFL,0.05604969144960156,Low
8295-FHIVV,0.40957197602877965,Medium
2495-INZWQ,0.8290216051635966,High
9086-YJYXS,0.3924975166162361,Medium
1179-INLAT,0.2860025919151146,Low
7909-FIOIY,0.529788491059738,Medium
4139-SUGLD,0.23952605743520625,Low
6857-VWJDT,0.8968914218767711,High
6351-SCJKT,0.48524672348433684,Medium
5468-BPMMO,0.15330209716253498,Low
5624-BQSSA,0.4643151542454682,Medium
0197-PNKNK,0.18493086052629282,Low
2439-QKJUL,0.4256604633993717,Medium
1194-SPVSP,0.4571029996062541,Medium
9534-NSXEM,0.12349831404637092,Low
2408-WITXK,0.7801541493252694,High
8929-KSWIH,0.36974171534676287,Medium
2250-IVBWA,0.34131375666792957,Medium
1810-MVMAI,0.3525464159779453,Medium
9506-UXUSK,0.8097709695938917,High
1229-RCALF,0.35615817244579123,Medium
3572-UOLYZ,0.492758220828121,Medium
1429-UYJSV,0.21381832841595605,Low
5577-OTWWW,0.31573765488619876,Medium
6100-QQHEB,0.8927871891207406,High
6366-XIVKZ,0.5262639397328462,Medium
3470-OBUET,0.03508248073636721,Low
2770-NSVDG,0.5627483896312423,Medium
9375-MHRRS,0.5408666698598501,Medium
2634-HCZGT,0.13908912753575758,Low
7503-QQRVF,0.7240792717638558,High
4860-YZGZM,0.45907743763468944,Medium
6599-GZWCM,0.5592748134102811,Medium
2691-NZETQ,0.8853822998693501,High
4404-HIBDJ,0.17976793568975677,Low
5533-NHFRF,0.7066256548411942,High
7037-MTYVW,0.12362930844592504,Low
4760-THGOT,0.6502705105045534,High
7295-JOMMD,0.80803374170784,High
4016-BJKTZ,0.5030803802769551,Medium
6584-VQMYT,0.18017047637474165,Low
9838-BFCQT,0.013723904141755748,Low
2790-XUYMV,0.15848608219202454,Low
0581-MDMPW,0.767059864980969,High
5013-SBUIH,0.27517238113372106,Low
1023-BQXZE,0.07650747949531547,Low
9163-GHAYE,0.6000807021443334,High
3904-UKFRE,0.8255473052737206,High
5353-WILCI,0.3766741068050719,Medium
0709-TVGUR,0.8775790303296216,High
0058-EVZWM,0.4895786597602696,Medium
6023-YEBUP,0.9179115771554877,High
7209-JCUDS,0.8832168213409756,High
7009-PCARS,0.038824816954291894,Low
0519-DRGTI,0.28165102516768664,Low
1017-FBQMM,0.3559546339128985,Medium
3001-CBHLQ,0.8188054937783296,High
1985-MBRYP,0.03232594654170497,Low
6158-DWPZT,0.44981377123064803,Medium
9372-TXXPS,0.02312285946588589,Low
3259-QMXUN,0.1221856366323969,Low
1015-JPFYW,0.2518594172342298,Low
6645-MXQJT,0.8580491654210101,High
4360-QRAVE,0.4306295508991183,Medium
8433-WPJTV,0.3976555265375427,Medium
5804-JMYIO,0.04051127113244826,Low
3763-GCZHZ,0.42506760897435847,Medium
6484-LATFU,0.01630442606743979,Low
7599-NTMDP,0.0284462122943417,Low
0772-GYEQQ,0.7797313593978713,High
0536-ACXIP,0.24335884862370333,Low
0936-NQLJU,0.03546377996904828,Low
4831-EOBFE,0.6672971970193319,High
1575-KRZZE,0.5898307428108779,Medium
3251-YMVWZ,0.05647559481765898,Low
4102-OQUPX,0.9030712466576332,High
9170-GYZJC,0.2596207767580838,Low
4884-LEVMQ,0.03831012461745181,Low
8857-CUPFQ,0.015025621304349842,Low
7610-TVOPG,0.46294933410719447,Medium
3638-DIMPH,0.4790342963968803,Medium
1845-ZLLIG,0.6328269282865923,High
8559-WNQZS,0.17558328986240695,Low
3999-QGRJH,0.8540442356213488,High
1699-UOTXU,0.04624746958986107,Low
2454-RPBRZ,0.8653989293765169,High
0635-WKOLD,0.20292528340290428,Low
5993-JSUWV,0.025937960306545407,Low
4518-FZBSX,0.06932488100931582,Low
5387-ASZNZ,0.058651039181812005,Low
6988-CJEYV,0.7610422447955583,High
2002-MZHWP,0.46632044169585085,Medium
3097-FQTVJ,0.03724428300898482,Low
5465-BUBFA,0.03557057161093249,Low
7299-GNVPL,0.47747872151991394,Medium
9743-DQKQW,0.7580739112020303,High
1215-VFYVK,0.5522437114332703,Medium
9371-BITHB,0.02385248121933115,Low
2265-CYWIV,0.8978223559553506,High
9093-FPDLG,0.776230917132419,High
0541-FITGH,0.6105408280532615,High
6985-HAYWX,0.6800249052426394,High
7508-KBIMB,0.20746801979055565,Low
6838-HVLXG,0.3541837557285599,Medium
2277-DJJDL,0.695409053481335,High
1897-OKVMW,0.059711582988971904,Low
5485-ITNPC,0.03954065303948936,Low
0233-FTHAV,0.2971385567728795,Low
4644-PIZRT,0.3544521208797479,Medium
8922-NPKBJ,0.036424315860363946,Low
2740-TVLFN,0.7841379637332639,High
7771-CFQRQ,0.07246554227197281,Low
9512-PHSMG,0.37523742721974157,Medium
6963-EZQEE,0.057508651276980925,Low
2452-KDRRH,0.630621417464207,High
2004-OCQXK,0.8847904242022564,High
5027-QPKTE,0.8379137761667107,High
4146-SVFUD,0.6713824474972325,High
1564-HJUVY,0.5667874172893623,Medium
3617-XLSGQ,0.18540660990164193,Low
7517-LDMPS,0.8322834846177545,High
7244-KXYZN,0.13279030898364858,Low
5226-NOZFC,0.7573088557892107,High
2672-HUYVI,0.8921130348993586,High
1400-WIVLL,0.3249741129868468,Medium
7508-MYBOG,0.8695893179116133,High
8148-NLEGT,0.06695808533958718,Low
0148-DCDOS,0.8149359946032014,High
8347-GDTMP,0.013531755072132882,Low
9992-RRAMN,0.8455926328259408,High
6746-WAUWT,0.16007485372957317,Low
0310-MVLET,0.6938299650743407,High
0428-IKYCP,0.72106799256271,High
4550-VBOFE,0.6799798344379988,High
2187-PKZAY,0.7957490832414744,High
4003-OCTMP,0.2317151117431438,Low
6652-YFFJO,0.7659138769838125,High
7225-IILWY,0.01605592013670884,Low
5248-RPYWW,0.05564415667930472,Low
7923-IYJWY,0.16728024833721217,Low
3170-GWYKC,0.3987992285297039,Medium
5696-QURRL,0.6696017483731488,High
7409-KIUTL,0.8773940836079367,High
9830-ECLEN,0.08900543017316369,Low
1732-VHUBQ,0.5250020828349198,Medium
0495-RVCBF,0.8888351591363988,High
2668-TZSPS,0.4665433198091012,Medium
7854-EDSSA,0.49818971890995006,Medium
8869-TORSS,0.07552575863721309,Low
7446-SFAOA,0.08045449700251346,Low
9522-ZSINC,0.2679584140352548,Low
8234-GSZYK,0.04201087744964289,Low
6505-OZNPG,0.22872294046620878,Low
6164-HAQTX,0.021445558239513118,Low
0679-IDSTG,0.8807262078875132,High
7765-LWVVH,0.1656968028758582,Low
1658-TJVOA,0.8057517680830173,High
0953-LGOVU,0.47899597985859255,Medium
2115-BFTIW,0.6676317223603021,High
4692-NNQRU,0.5345434391578695,Medium
7742-MYPGI,0.5469634393254119,Medium
0611-DFXKO,0.807363201879183,High
7780-OTDSO,0.8405082441274078,High
9619-GSATL,0.160989085782256,Low
5622-UEJFI,0.059175122972370355,Low
9747-DDZOS,0.8034515857559069,High
0674-DGMAQ,0.8078549780998345,High
6203-HBZPA,0.05705622737765399,Low
0484-FFVBJ,0.34449053388034323,Medium
0301-FIDRB,0.030600078581015034,Low
4139-JPIAM,0.16729466474824797,Low
2181-TIDSV,0.011327065186124015,Low
2761-XECQW,0.697011415204793,High
1936-CZAKF,0.11500122756093645,Low
9453-PATOS,0.036052072493601345,Low
0564-JJHGS,0.9085548458497691,High
3348-CFRNX,0.6958990248973937,High
4402-FTBXC,0.42840233876228895,Medium
1428-GTBJJ,0.7972804399723616,High
2931-XIQBR,0.38587713054468475,Medium
0106-UGRDO,0.20184007027729212,Low
5542-TBBWB,0.8622154859075941,High
1930-QPBVZ,0.08070441686652359,Low
2606-PKWJB,0.09141262584174645,Low
5322-ZSMZY,0.07090806563869988,Low
8059-UDZFY,0.7812031234891937,High
7740-BTPUX,0.35728583261560054,Medium
5220-AGAAX,0.015661706180616807,Low
0208-BPQEJ,0.34364890638609774,Medium
9435-JMLSX,0.0344621365537839,Low
3352-ALMCK,0.736513432435979,High
5312-IRCFR,0.4293144034560841,Medium
5294-IMHHT,0.31688831130665684,Medium
8802-UNOJF,0.6845435965289354,High
6313-GIDIT,0.4476277755964125,Medium
6176-YJWAS,0.12215142885265025,Low
5310-NOOVA,0.04245657291316925,Low
4526-EXKKN,0.050741751006588946,Low
5311-IHLEI,0.4209321119996312,Medium
3987-KQDDU,0.7586634452305754,High
3404-JNXAX,0.5508705212282666,Medium
5131-PONJI,0.5276119801440428,Medium
2845-AFFTX,0.8374661674707171,High
3489-VSFRD,0.05748859831201466,Low
3345-JHUEO,0.5217378398436084,Medium
5815-HGGHV,0.23691169147104274,Low
5260-UMPWX,0.22116798501815535,Low
2249-YPRNG,0.8115280886651551,High
7410-YTJIK,0.8195251347004975,High
4626-GYCZP,0.9151992281618864,High
5649-RXQTV,0.6900504249446479,High
2674-MIAHT,0.8118876231462777,High
2576-HXMPA,0.4573810250595313,Medium
7587-AOVVU,0.6633878313623875,High
5590-BYNII,0.8211933144999992,High
6898-MDLZW,0.45527958117801526,Medium
3237-AJGEH,0.6034228581709088,High
4707-YNOQA,0.11583051211003427,Low
9357-UJRUN,0.272286445471893,Low
1591-NFNLQ,0.5377091402167353,Medium
8648-PFRMP,0.791786340230982,High
7663-CUXZB,0.22976887470511972,Low
0258-NOKBL,0.8583451373477425,High
1163-VIPRI,0.23596417169823333,Low
2815-CPTUL,0.8174038090727636,High
9348-ROUAI,0.06285657979484259,Low
9443-JUBUO,0.028567913535381982,Low
0596-BQCEQ,0.6289335862355302,High
1481-ZUWZA,0.647179459426242,High
3043-TYBNO,0.6257411567099206,High
4830-FAXFM,0.33488824725390176,Medium
5906-BFOZT,0.4707804410025753,Medium
2960-NKRSO,0.6450424594113378,High
8996-ZROXE,0.13210867097860382,Low
5598-IKHQQ,0.013218941553123037,Low
0397-ZXWQF,0.012070921162413853,Low
5266-PFRQK,0.043716399934460234,Low
4674-HGNUA,0.047887482207885655,Low
6765-MBQNU,0.1597556152919987,Low
9786-IJYDL,0.27181180742425537,Low
1303-SRDOK,0.1541473405337485,Low
3769-MHZNV,0.05178465793551776,Low
6295-OSINB,0.23201348600734953,Low
3308-MHOOC,0.47211938380691104,Medium
2309-OSFEU,0.6835938577546955,High
2207-QPJED,0.6903968165787795,High
4177-JPDFU,0.4863280918829919,Medium
2239-CFOUJ,0.29976866691800497,Low
8046-DNVTL,0.020126289155874777,Low
2209-XADXF,0.6941157398195911,High
6620-JDYNW,0.4731946685335823,Medium
1891-FZYSA,0.591459176458095,Medium
4770-UEZOX,0.8381006252688391,High
1038-RQOST,0.2891208259099506,Low
7613-LLQFO,0.8790845774798524,High
4568-TTZRT,0.3833913892954302,Medium
9513-DXHDA,0.303589642718807,Medium
2640-PMGFL,0.7196985292173107,High
3801-HMYNL,0.8759725645609483,High
0516-QREYC,0.27566662320890883,Low
9685-WKZGT,0.860023958840784,High
6022-UGGSO,0.7000794558898932,High
8084-OIVBS,0.21910565215304303,Low
8896-BQTTI,0.5272778043458703,Medium
3865-QBWSJ,0.5878385847799563,Medium
3352-RICWQ,0.1335679129851286,Low
2160-GPFXD,0.038256306271803125,Low
2065-MMKGR,0.43173174008902926,Medium
5857-TYBCJ,0.7725978812538168,High
1498-NHTLT,0.07169428493926612,Low
4484-CGXFK,0.7737340743015896,High
1402-PTHGN,0.17382772089497484,Low
4176-RELJR,0.01872944980072994,Low
6214-EDAKZ,0.4486316697635172,Medium
5199-FPUSP,0.126408413849061,Low
6377-KSLXC,0.42684664619894885,Medium
1796-JANOW,0.45803670010530406,Medium
0238-WHBIQ,0.04485505630537158,Low
8735-NBLWT,0.38350747514805067,Medium
6651-RLGGM,0.01666220320413241,Low
6127-ISGTU,0.8646562880389765,High
1614-JBEBI,0.39102905777998187,Medium
8740-XLHDR,0.4416643622286836,Medium
1208-DNHLN,0.35112107722108815,Medium
1761-AEZZR,0.8865858592430717,High
3923-CSIHK,0.5941788675813408,Medium
5696-EXCYS,0.09448977635364983,Low
5795-KTGUD,0.18215987148365537,Low
7120-RFMVS,0.9082468306008679,High
7924-GJZFI,0.7757727969889678,High
4702-HDRKD,0.05204963143132385,Low
8512-WIWYV,0.09861217641736712,Low
5897-ZYEKH,0.4397310214444478,Medium
5456-ITGIC,0.03477440285386993,Low
7317-GGVPB,0.18122542384301454,Low
1406-PUQVY,0.710745376574895,High
1322-AGOQM,0.23660927886238892,Low
3677-IYRBF,0.7837960681169311,High
5692-FPTAH,0.668213387849141,High
9114-AAFQH,0.2311375395019987,Low
8715-KKTFG,0.395777359003543,Medium
1550-LOAHA,0.6459295862092109,High
1728-BQDMA,0.736605476912477,High
0268-QKIWO,0.5356637510619324,Medium
0876-WDUUZ,0.7666588298994298,High
5117-ZSMHQ,0.04681559343422661,Low
5151-HQRDG,0.31964429914971665,Medium
0960-HUWBM,0.21681595892423552,Low
6465-GSRCL,0.3269442852930559,Medium
0617-FHSGK,0.5425659885220532,Medium
0263-FJTQO,0.06445585230339805,Low
7319-ZNRTR,0.17801927413456026,Low
2858-MOFSQ,0.401020580935601,Medium
7503-EPSZW,0.019387648788302594,Low
7089-XXAYG,0.3496384537928166,Medium
8118-LSUEL,0.8718279736106618,High
8070-AAWZP,0.43144950832444545,Medium
1666-JXLKU,0.8282881949255435,High
7855-DIWPO,0.771899638996976,High
5133-POWUA,0.6666231020079423,High
5652-MSDEY,0.8068728558186642,High
7005-CCBKV,0.8568638070584993,High
1810-BOHSY,0.3219581845320952,Medium
1784-BXEFA,0.3719699643751269,Medium
7351-MHQVU,0.4810989139910947,Medium
9224-VTYID,0.09323006466972858,Low
9500-IWPXQ,0.12204235528745296,Low
5762-TJXGK,0.07546103298746326,Low
4504-YOULA,0.3011084555332956,Medium
5569-IDSEY,0.3691856944450507,Medium
4250-FDVOU,0.5710340395772942,Medium
7284-ZZLOH,0.05772424314677539,Low
5277-ZLOOR,0.9169924702090897,High
2141-RRYGO,0.7061164269558691,High
1777-JYQPJ,0.6994579313460711,High
6376-GAHQE,0.8800440485731481,High
3401-URHDA,0.0892547354453839,Low
1599-EAHXY,0.043088517912642725,Low
8631-XVRZL,0.2332983953503804,Low
5052-PNLOS,0.8652938169496611,High
3853-LYGAM,0.7436009215606756,High
6979-ZNSFF,0.8870960560387485,High
5751-USDBL,0.082382576984488,Low
5680-LQOGP,0.03873905362690564,Low
2386-LAHRK,0.7211946481813271,High
8189-DUKMV,0.2628529614863374,Low
6032-IGALN,0.7056669075692928,High
9931-DCEZH,0.17841785580677452,Low
1898-JSNDC,0.21317792274993744,Low
0315-LVCRK,0.8493750313682287,High
3911-RSNHI,0.042669182973304624,Low
2410-CIYFZ,0.4562643302766132,Medium
4248-HCETZ,0.6356340997516041,High
5505-OVWQW,0.17861915759379138,Low
7271-AJDTL,0.5505795521035578,Medium
1867-TJHTS,0.38003930638579886,Medium
0516-WJVXC,0.5387090671126473,Medium
9174-FKWZE,0.5957814680697168,Medium
6860-YRJZP,0.8798090178189558,High
4429-WYGFR,0.35186810642235666,Medium
2817-LVCPP,0.024786315814492466,Low
5038-ETMLM,0.13285714860796705,Low
5056-FIMPT,0.30553506770416095,Medium
4521-WFJAI,0.025127128804880553,Low
6569-KTMDU,0.4725657881842526,Medium
8809-RIHDD,0.29794145651803244,Low
8809-XKHMD,0.09465242957597081,Low
0396-YCHWO,0.8308870326966935,High
0867-LDTTC,0.6417680664114851,High
4822-NGOCH,0.8193044643275844,High
9391-DXGGG,0.43163263385175005,Medium
9844-FELAJ,0.44030049208581434,Medium
2122-SZZZD,0.060952905606038485,Low
5307-DZCVC,0.750454522183951,High
3148-AOIQT,0.014859220809939361,Low
8679-JOEVF,0.6411049427961683,High
8395-ETZKQ,0.025748425150659504,Low
6692-YQHXC,0.7243718548767145,High
3889-VWBID,0.03800078734048478,Low
5222-JCXZT,0.44115965083685443,Medium
9754-CLVZW,0.2563520784516256,Low
1432-FPAXX,0.4784974639228547,Medium
2739-CCZMB,0.4129532413035426,Medium
7080-TNUWP,0.28886497616306445,Low
0496-AHOOK,0.24841866262279308,Low
8336-TAVKX,0.037847130193791816,Low
2468-SJFLM,0.7569966506151095,High
3181-VTHOE,0.06194342617081552,Low
7168-HDQHG,0.15906618627362018,Low
4803-AXVYP,0.7963140176013151,High
3884-HCSWG,0.7872468339264376,High
4567-AKPIA,0.4754472528075934,Medium
5077-DXTCG,0.7411726080571688,High
1142-WACZW,0.6061574878006596,High
7901-HXJVA,0.7970719285026313,High
5649-ANRML,0.7732622138933224,High
4892-VLANZ,0.46944191857338774,Medium
5924-IFQTT,0.6456100719509796,High
7968-QUXNS,0.41994353486676955,Medium
2919-HBCJO,0.7601367231160465,High
4236-XPXAV,0.7902369406962906,High
8903-WMRNW,0.8117343014540419,High
2452-SNHFZ,0.3946393306640244,Medium
3629-WEAAM,0.5800234132328236,Medium
6029-CSMJE,0.5498524214603421,Medium
7993-NQLJE,0.651694097656603,High
9909-DFRJA,0.3637695780000285,Medium
9099-FTUHS,0.5246249752387012,Medium
0581-BXBUB,0.8553356606820776,High
4962-CHQPW,0.11442451340425677,Low
9467-ROOLM,0.2415780165267144,Low
3030-YZADT,0.6020679432319489,High
7410-KTVFV,0.5109496198590031,Medium
5150-ITWWB,0.9333184878941818,High
2253-KPMNB,0.015580496106471114,Low
1345-ZUKID,0.20161972827583213,Low
6429-SHBCB,0.699119676448426,High
9281-OFDMF,0.7704309792122296,High
2603-HVKCG,0.7847662935828486,High
1834-WULEG,0.137216622125966,Low
9097-ZUBYC,0.4595768502544184,Medium
5148-ORICT,0.032043654744832825,Low
4893-GYUJU,0.051208877375463736,Low
4578-PHJYZ,0.1601288296245374,Low
7272-QDCKA,0.7166168690944772,High
8908-SLFCJ,0.07874659517271577,Low
8393-DLHGA,0.8155100985548183,High
9766-HGEDE,0.1792862616846409,Low
6968-MHOMU,0.17475001545249688,Low
7395-IGJOS,0.7877491328848669,High
5044-XDPYX,0.0323789684034565,Low
1814-WFGVS,0.023423483316595307,Low
2834-SPCJV,0.5374578545501947,Medium
3721-WKIIL,0.06664779709772664,Low
6734-CKRSM,0.44749802615816653,Medium
1265-ZFOSD,0.04187160649649623,Low
6568-POCUI,0.2565971827164415,Low
7890-VYYWG,0.7573977528660989,High
5197-LQXXH,0.06565811740690901,Low
9907-SWKKF,0.7367599108692209,High
3457-PQBYH,0.017361684111055733,Low
7682-AZNDK,0.7170994625986763,High
0587-DMGBH,0.592325921215362,Medium
5384-ZTTWP,0.32580469400208106,Medium
3745-HRPHI,0.05590929938351162,Low
7636-OWBPG,0.595305798372662,Medium
1231-YNDEK,0.01727276014187468,Low
1407-DIGZV,0.16666013561624657,Low
6397-JNZZG,0.4323923051158895,Medium
0570-BFQHT,0.7956685254408249,High
4393-OBCRR,0.2831354044160793,Low
3523-QRQLL,0.39242355167527737,Medium
8564-LDKFL,0.5534643632353231,Medium
3696-DFHHB,0.015761263313184146,Low
0895-DQHEW,0.7189148640128206,High
4717-GHADL,0.12052645759814454,Low
5501-TVMGM,0.7849026336382263,High
5879-HMFFH,0.04792062423837481,Low
6772-WFQRD,0.07189008711043236,Low
3810-DVDQQ,0.12779586500491913,Low
6972-SNKKW,0.41526577368974926,Medium
3694-GLTJM,0.41447967446923656,Medium
8550-XSXUQ,0.21424056702674274,Low
8149-RSOUN,0.9272744949984584,High
9055-MOJJJ,0.0630191901214205,Low
4359-INNWN,0.1707580380268763,Low
0585-EGDDA,0.6100083742509593,High
4032-RMHCI,0.12339752078521338,Low
0549-CYCQN,0.3609318629276565,Medium
3481-JHUZH,0.676347951494071,High
7250-EQKIY,0.6571944751944973,High
3594-IVHJZ,0.4560156850808481,Medium
6869-FGJJC,0.18360407559653955,Low
3896-ZVNET,0.09418263037911952,Low
8205-VSLRB,0.03755007904190987,Low
5960-MVTUK,0.6884650441362385,High
6817-WTYHE,0.6510863195366245,High
3082-VQXNH,0.6425058347714001,High
4013-UBXWQ,0.7705595523586318,High
4931-TRZWN,0.6621485642202612,High
0750-EKNGL,0.40225338879842143,Medium
7669-LCRSD,0.6235730759978985,High
3567-PQTSO,0.5786693775145334,Medium
5519-NPHVG,0.9024559496880467,High
8043-PNYSD,0.014970368573420545,Low
9938-EKRGF,0.4456323673384468,Medium
2703-AMTUL,0.14025578030411412,Low
0928-JMXNP,0.7705319344948641,High
8173-RXAYP,0.07424982136484183,Low
4825-XJGDM,0.04239458376856825,Low
5402-HTOTQ,0.6447763786694833,High
6734-JDTTV,0.012937972247455923,Low
7850-THJMU,0.0653551135449209,Low
3890-RTCMS,0.45340933239277703,Medium
8849-GYOKR,0.37943089355635734,Medium
3148-BLQJT,0.46810383563517827,Medium
3717-FDJFU,0.15234082273721528,Low
3665-JATSN,0.6477152516626095,High
7966-YOTQW,0.5399249185186511,Medium
0461-CVKMU,0.6545675656312095,High
8806-EAGWC,0.700340321000836,High
8853-TZDGH,0.17651763112915209,Low
7779-LGOVN,0.8978761875583682,High
4324-BZCKL,0.5426625672273634,Medium
6924-TDGMT,0.21642572008675565,Low
9710-ZUSHQ,0.6919580004544246,High
1536-YHDOE,0.2450535803479154,Low
8123-QBNAZ,0.6846109604639251,High
3629-ZNKXA,0.8584112679685414,High
4827-LTQRJ,0.28161846583755484,Low
7711-YIJWC,0.09029833460259838,Low
5482-VXSXJ,0.7797065802820901,High
7365-BVCJH,0.7750648244985768,High
9620-ENEJV,0.7792481064869582,High
4183-WCSEP,0.6065142540025062,High
2378-YIZKA,0.03675940516740456,Low
5498-TXHLF,0.7896104857332255,High
0689-DSXGL,0.34896356507928333,Medium
6818-DJXAA,0.799779538546676,High
9722-UJOJR,0.7124514030708273,High
0464-WJTKO,0.00969413012690731,Low
8902-ZEOVF,0.05688467252128726,Low
6778-EICRF,0.3904117383555914,Medium
2662-NNTDK,0.03452322983815023,Low
4132-KALRO,0.8486400546280314,High
3902-FOIGH,0.9016093914904665,High
6772-KSATR,0.8337249947777396,High
7112-OPOTK,0.6913199879778793,High
2874-YXVVA,0.715390436126087,High
1245-HARPS,0.10915352684745007,Low
4210-QFJMF,0.8806280836160875,High
4323-ELYYB,0.20365538884567766,Low
4293-ETKAP,0.0745772992233702,Low
6064-PUPMC,0.16428071268582792,Low
6504-VBLFL,0.0540669899310747,Low
6322-PJJDJ,0.36417919481201605,Medium
0330-BGYZE,0.4401231481964833,Medium
1085-LDWAM,0.021942899604338498,Low
7586-ZATGZ,0.7596794010819687,High
7197-VOJMM,0.027415820714673245,Low
3318-OSATS,0.8571625640314365,High
5828-AVIPD,0.7243789821343606,High
1843-TLSGD,0.11256642308744251,Low
9626-VFRGG,0.6512144045800876,High
7075-BNDVQ,0.5704380056401736,Medium
9143-CANJF,0.36811714374857313,Medium
7284-BUYEC,0.7218363758873955,High
2041-JIJCI,0.7805618734466737,High
1086-LXKFY,0.817272638327617,High
4900-MSOMT,0.031079436418562957,Low
2229-VWQJH,0.44738116221239194,Medium
9194-GFVOI,0.11206997025757454,Low
1336-EZFZY,0.43670431535064663,Medium
4282-MSACW,0.2522283523457391,Low
1403-LKLIK,0.0971204559361127,Low
2636-ALXXZ,0.8800661079874471,High
7774-OJSXI,0.7004619088847893,High
7786-WBJYI,0.8097860642579084,High
0136-IFMYD,0.29039104996161524,Low
5144-TVGLP,0.845746514986441,High
9643-AVVWI,0.7779900549486387,High
0253-ZTEOB,0.17123143640505037,Low
2706-QZIHY,0.13143301798752766,Low
6061-PQHMK,0.1285800846385573,Low
9885-CSMWE,0.9029028344136932,High
6137-MFAJN,0.2868488955269472,Low
9122-UMROB,0.46721203393321853,Medium
4232-JGKIY,0.5593506778226537,Medium
2402-TAIRZ,0.4601877781669143,Medium
9659-ZTWSM,0.369421758935631,Medium
9139-TWBAS,0.23105455032683872,Low
6685-GBWJZ,0.05813223060597754,Low
5016-ETTFF,0.6133469215849461,High
3866-MDTUB,0.7400937183290593,High
2195-VVRJF,0.5111095989900968,Medium
3913-RDSJZ,0.019503479688127618,Low
8058-JMEQO,0.9038438432013155,High
4203-QGNZA,0.21565367583361117,Low
5043-TRZWM,0.8549257324937488,High
0697-ZMSWS,0.9011391172567257,High
7657-DYEPJ,0.1849090306204587,Low
9494-BDNNC,0.41078955613402546,Medium
1640-PLFMP,0.8614690553087352,High
5366-OBVMR,0.4321692180789844,Medium
8276-MQBYC,0.793267614175827,High
7644-OMVMY,0.18347324941510512,Low
7593-XFKDI,0.6646299022784565,High
4573-JKNAE,0.11348039155103078,Low
0337-CNPZE,0.7919065339728493,High
9817-APLHW,0.5009651035031012,Medium
8380-MQINP,0.02064855835440535,Low
0840-DFEZH,0.867957990854854,High
1513-XNPPH,0.79816843924524,High
8690-ZVLCL,0.05329039955008711,Low
6015-VVHHE,0.8761576813999028,High
1125-SNVCK,0.2816860424928893,Low
0384-LPITE,0.1951879428645873,Low
4616-EWBNJ,0.17689066713941118,Low
6347-DCUIK,0.8124763535375049,High
1335-HQMKX,0.46673298284270603,Medium
2545-EBUPK,0.920875927439331,High
6923-AQONU,0.07603040226598515,Low
2172-EJXVF,0.5069100637108717,Medium
0897-FEGMU,0.9019681715470925,High
7663-RGWBC,0.6731582339593438,High
1120-BMWUB,0.4180631654909699,Medium
9124-LHCJQ,0.8754995837519345,High
4536-PLEQY,0.7661765462602189,High
7029-IJEJK,0.08209641392957649,Low
8871-JLMHM,0.10463057752854735,Low
2235-ZGKPT,0.69558021273716,High
3891-PUQOD,0.779863672331058,High
5447-VYTKW,0.27475781095289936,Low
3623-FQBOX,0.27255593258056404,Low
0689-NKYLF,0.8423763369321179,High
8659-HDIYE,0.22846909525296422,Low
3658-KIBGF,0.6164497635960539,High
3474-BAFSJ,0.06891980705185885,Low
5519-YLDGW,0.8305546323508298,High
3865-ZFZIB,0.09053653858602768,Low
1855-AGAWH,0.6777158110470329,High
7109-CQYUZ,0.08194854480844428,Low
1370-GGAWX,0.550639422254639,Medium
4680-KUTAJ,0.6576295021695786,High
5307-UVGNB,0.1870318724050511,Low
4946-EDSEW,0.3661472412338439,Medium
2883-ILGWO,0.5901148105709153,Medium
2516-VQRRV,0.8621780447628239,High
7580-UGXNC,0.5603487997017674,Medium
3642-BYHDO,0.010040174485082862,Low
9629-NHXFW,0.4712267095070352,Medium
2696-RZVZW,0.015247933117716042,Low
5766-FTRTS,0.03555741204065608,Low
0396-HUJBP,0.46129415327260326,Medium
5178-LMXOP,0.9356580080626437,High
8879-ZKJOF,0.16499762141631005,Low
6285-FTQBF,0.01319879577897012,Low
8185-UPYBR,0.869928775378192,High
4585-HETAI,0.847942584612285,High
7526-BEZQB,0.9014163103847725,High
1474-JUWSM,0.14377897029504125,Low
3530-CRZSB,0.4034494818792725,Medium
8498-XXGWA,0.11837191646796277,Low
9617-INGJY,0.8132262032794929,High
0621-TSSMU,0.03748902838383216,Low
7234-KMNRQ,0.4408728206059979,Medium
7636-PEPNS,0.10259540313613368,Low
4683-WYDOU,0.23845525834234807,Low
9052-DHNKM,0.2917056482647136,Low
6794-HKIAJ,0.3365960344557522,Medium
5578-NKCXI,0.2982749656672305,Low
1642-HMARX,0.0769133984201558,Low
3096-WPXBT,0.26585790782360247,Low
8434-PNQZX,0.15839713708063957,Low
5950-AAAGJ,0.8027822056178733,High
4299-OPXEJ,0.01898931130564139,Low
4951-UKAAQ,0.8892339845611992,High
9618-LFJRU,0.42192460517196584,Medium
6693-DJWTY,0.13729150565036632,Low
0744-GKNGE,0.26966733411938754,Low
6447-EGDIV,0.1063340775229384,Low
1167-OYZJF,0.01367210137565461,Low
2108-YKQTY,0.589480255762364,Medium
4806-DXQCE,0.20992287457606737,Low
4918-QLLIW,0.6971920014207175,High
7056-IMHCC,0.7685733485900558,High
4854-SSLTN,0.1582845692154993,Low
5294-DMSFH,0.7593711043154977,High
4837-PZTIC,0.0401229399705958,Low
1625-JAIIY,0.41263755394971596,Medium
0603-OLQDC,0.5961401295479184,Medium
3272-VUHPV,0.46445932161072334,Medium
4176-FXYBO,0.6656303385275595,High
1063-DHQJF,0.10835689445691846,Low
8663-UPDGF,0.4313136493900598,Medium
6719-FGEDO,0.06783797199115442,Low
1837-YQUCE,0.03583124852479781,Low
2947-DOMLJ,0.5675918548798922,Medium
4112-LUEIZ,0.8849655141780002,High
0369-ZGOVK,0.4617485490012085,Medium
4510-HIMLV,0.8624281302218516,High
9919-KNPOO,0.8799605613643243,High
8749-JMNKX,0.5558999789498759,Medium
7872-BAAZR,0.042218515213381075,Low
9391-LMANN,0.33529541622476966,Medium
2430-USGXP,0.8658032624021507,High
8174-TBVCF,0.04993657983359997,Low
1698-XFZCI,0.4408846757391139,Medium
1877-HKBQX,0.2434570918254868,Low
4450-DLLMH,0.7985060254575066,High
0428-AXXLJ,0.12920092541867442,Low
2746-DIJLO,0.19795102974026169,Low
5955-ERIHD,0.8879930931774891,High
0917-EZOLA,0.25892131844365,Low
3508-VLHCZ,0.04529646580999678,Low
4086-ATNFV,0.14361864217139186,Low
0468-YRPXN,0.6817943958573833,High
5996-NRVXR,0.29903312900268,Low
3739-YBWAB,0.1555652674966001,Low
7047-FWEYA,0.5412897794341985,Medium
2000-MPKCA,0.46586197232023685,Medium
9762-YAQAA,0.4118836067495303,Medium
5949-EBSQK,0.6002276030730741,High
5473-KHBPS,0.3978527491442362,Medium
0100-DUVFC,0.5122897306323239,Medium
5397-TUPSH,0.23084189635493463,Low
8950-MTZNV,0.6699978819200157,High
0326-VDYXE,0.5064674812135229,Medium
6773-LQTVT,0.42636438266050497,Medium
7274-RTAPZ,0.9072004896156626,High
0436-TWFFZ,0.059959614974070014,Low
8566-YPRGL,0.4707804410025753,Medium
0311-UNPFF,0.7683119532834368,High
6609-MXJHJ,0.07538760821138038,Low
2669-OIDSD,0.5690309374145426,Medium
8400-WZICQ,0.19395545979137208,Low
3834-XUIFC,0.8560710855404374,High
9576-SYUHJ,0.6992923869278886,High
0410-IPFTY,0.6620682499247401,High
2831-EBWRN,0.7176798511448238,High
9430-NKQLY,0.01309162784607343,Low
8414-MYSHR,0.9094401589897888,High
0247-SLUJI,0.46988804482760216,Medium
9402-ORRAH,0.8846588482449259,High
6483-OATDN,0.488499704101813,Medium
1293-HHSHJ,0.09051295446506348,Low
4840-ORQXB,0.7522985318896578,High
7599-FKVXZ,0.6696351949153098,High
3982-DQLUS,0.4518986770208966,Medium
8610-ZIKJJ,0.29086326451399036,Low
3756-VNWDH,0.4792742128087287,Medium
7801-KICAO,0.8254670599524749,High
7673-LPRNY,0.4823813467211056,Medium
8229-TNIQA,0.6440745732603519,High
6060-QBMGV,0.010620604736891257,Low
7339-POGZN,0.7638466498326351,High
2828-SLQPF,0.49576909961109944,Medium
4465-VDKIQ,0.756973936108947,High
2921-XWDJH,0.6777366549986771,High
6221-AVQYL,0.8403295033495264,High
2558-BUOZZ,0.34700760481290704,Medium
9257-AZMTZ,0.022603050878224708,Low
0003-MKNFE,0.7134631119361751,High
0975-UYDTX,0.2567026121067792,Low
7743-EXURX,0.676668783997148,High
4682-BLBUC,0.20257870105990444,Low
0975-VOOVL,0.6572335908916606,High
5968-VXZLG,0.6429207717947717,High
5569-KGJHX,0.8376839936648008,High
4988-IQIGL,0.9015715761092162,High
5201-FRKKS,0.571749271866638,Medium
9799-CAYJJ,0.8775473457675439,High
7730-IUTDZ,0.5235091488362651,Medium
0426-TIRNE,0.4645379081881195,Medium
5443-SCMKX,0.47310835738360946,Medium
8295-KMENE,0.05255451704955206,Low
6738-ISCBM,0.2688640017265571,Low
9821-BESNZ,0.42264965354845985,Medium
3678-MNGZX,0.011506450366299176,Low
1335-NTIUC,0.7080783524399523,High
2916-BQZLN,0.747671058227436,High
4558-CGYCZ,0.43777957808273726,Medium
2368-GAKKQ,0.13778765790399025,Low
8710-YGLWG,0.6701958582850285,High
3199-XGZCY,0.8629895298606395,High
3785-KTYSH,0.030013767494784085,Low
6814-ZPWFQ,0.06953638142700479,Low
4063-EIKNQ,0.3513019580193476,Medium
6993-YCOBK,0.24537235541429664,Low
5206-HPJKM,0.37640978765984523,Medium
7587-RZNME,0.7332005421218524,High
0748-RDGGM,0.1865746135218503,Low
8393-JMVMB,0.4710035694605173,Medium
5019-GQVCR,0.7726875096920527,High
6036-TTFYU,0.3182555873187076,Medium
2550-AEVRU,0.0988607515245433,Low
0969-RGKCU,0.0798352236305153,Low
0378-CJKPV,0.13069911577263746,Low
4706-AXVKM,0.8541940442111781,High
5889-JTMUL,0.7201293277750417,High
9026-RNUJS,0.7326856058284132,High
3746-EUBYR,0.8418284557289606,High
2332-EFBJY,0.3191576775882165,Medium
2880-FPNAE,0.8720071642093571,High
1703-MGIAB,0.5594471292601259,Medium
4311-QTTAI,0.17805872179460436,Low
9474-PHLYD,0.6855489592627666,High
4318-RAJVY,0.2273873708510119,Low
2165-VOEGB,0.29212897314325337,Low
3612-YUNGG,0.19904691604814415,Low
2254-DLXRI,0.8280740979109216,High
5062-CJJKH,0.26037253996534454,Low
9028-LIHRP,0.07316895293022349,Low
2219-MVUSO,0.6128022889822721,High
1053-MXTTK,0.09908037061174473,Low
1530-ZTDOZ,0.2276543860419427,Low
1301-LOPVR,0.1640836943599364,Low
0853-TWRVK,0.09502684199697557,Low
8914-RBTSB,0.7873513770236562,High
6212-ATMLK,0.7677506885464415,High
8200-LGKSR,0.0783307026796242,Low
1568-BEKZM,0.05635733264971268,Low
0670-ANMUU,0.1783952626284249,Low
6897-RWMUB,0.022887539973623097,Low
0963-ZBDRN,0.7521847140599186,High
7594-RQHXR,0.889012009326347,High
6999-CHVCF,0.13874407647366638,Low
6134-KWTBV,0.019887155934097303,Low
1077-HUUJM,0.8343223557827173,High
6331-EWIEB,0.8502904129112532,High
0895-LNKRC,0.2598745882283211,Low
2045-BMBTJ,0.4245531528655615,Medium
8417-GSODA,0.6715604394594521,High
5171-EPLKN,0.06201633617515462,Low
4452-QIIEB,0.6212053077279696,High
5998-VVEJY,0.7215810331384143,High
1624-NALOJ,0.9007699172960975,High
6741-EGCBI,0.6891208396289987,High
7820-ZYGNY,0.3381539125907858,Medium
4317-VTEOA,0.707605447452365,High
9677-AVKED,0.26118262221049043,Low
1670-SVOWZ,0.6868242681092377,High
2227-JRSJX,0.6983431134050497,High
9847-HNVGP,0.17780403643644,Low
6696-YDAYZ,0.10013278651906213,Low
8980-WQFWL,0.5117541378815281,Medium
1730-ZMAME,0.7907366442424079,High
6506-EYCNH,0.20932508172592992,Low
4634-JLRJT,0.46698911601598336,Medium
9501-UKKNL,0.30929699949238765,Medium
2560-QTSBS,0.025885814281476842,Low
7541-YLXCL,0.19469624035811156,Low
4795-WRNVT,0.2768251496802647,Low
6080-TCMYC,0.7000195417987755,High
0260-ZDLGK,0.6325396204306487,High
7860-UXCRM,0.03046831391628041,Low
6357-JJPQT,0.8784260248904896,High
2292-XQWSV,0.2177177493883359,Low
9552-TGUZV,0.7010706515208096,High
5913-INRQV,0.3651796020870421,Medium
8722-NGNBH,0.47405313712521685,Medium
6210-KBBPI,0.8725668469831862,High
9643-YBLUR,0.6654623439758252,High
8734-FNWVH,0.5255072502380675,Medium
9447-YPTBX,0.047432953459529484,Low
0133-BMFZO,0.6984854843327655,High
6128-CZOMY,0.7399682028130183,High
9540-JYROE,0.7778821909849029,High
9026-LHEVG,0.72824776422382,High
2260-USTRB,0.8238330423838806,High
3656-TKRVZ,0.5976714333286662,Medium
7011-CVEUC,0.7037550619318762,High
6185-TASNN,0.7663885374780458,High
7925-PNRGI,0.23362454923397555,Low
8623-TMRBY,0.6319949697054064,High
1552-CZCLL,0.07638528328453133,Low
3038-PQIUY,0.2727874959480631,Low
1501-SGHBW,0.6575728800023547,High
9313-CDOGY,0.20407524232635296,Low
8148-BPLZQ,0.4273479601056462,Medium
2623-DRYAM,0.4925235222264383,Medium
9987-LUTYD,0.22948593285904242,Low
3208-YPIOE,0.7114646745422889,High
4488-KQFDT,0.5362195239310881,Medium
2612-RANWT,0.8558058634933786,High
5693-PIPCS,0.26099948941822126,Low
0491-KAPQG,0.8124890777418143,High
1925-LFCZZ,0.21493537520269862,Low
8039-EQPIM,0.035103811918379656,Low
6900-PXRMS,0.8625009631063509,High
8707-RMEZH,0.20529497880570383,Low
3346-BRMIS,0.7652783051774334,High
3209-ZPKFI,0.38018438040575364,Medium
6479-VDGRK,0.0339737158867268,Low
9373-WSLOY,0.47174461163611897,Medium
2933-FILNV,0.6989914491053871,High
3569-JFODW,0.04678720429657182,Low
9819-FBNSV,0.5946571929364214,Medium
9544-PYPSJ,0.5559648212075582,Medium
1591-XWLGB,0.010021842064966561,Low
0396-UKGAI,0.34484506705357976,Medium
3243-ZHOHY,0.18391612072634508,Low
5186-EJEGL,0.46246791739574333,Medium
7527-QNRUS,0.12171446579776003,Low
9986-BONCE,0.4200170625366827,Medium
2722-JMONI,0.6888768054764939,High
2203-GHNWN,0.7285370375410227,High
3878-AVSOQ,0.8769115814486853,High
3258-SYSWS,0.14225152564151175,Low
5296-PSYVW,0.019492362007329487,Low
6319-QSUSR,0.3538276419431396,Medium
4083-EUGRJ,0.3838676527987965,Medium
7579-OOPEC,0.6484087702615441,High
0512-FLFDW,0.4980011979410761,Medium
1771-OADNZ,0.8154258631695356,High
0487-CRLZF,0.1018518470963146,Low
2107-FBPTK,0.8539077191200491,High
9451-WLYRI,0.04240759586127211,Low
8219-VYBVI,0.05301900477742691,Low
1991-VOPLL,0.38796702173278375,Medium
9738-QLWTP,0.391195793229835,Medium
1016-DJTSV,0.8543632891520815,High
9419-IPPBE,0.5355317724753086,Medium
0174-QRVVY,0.013816799334710025,Low
5699-BNCAS,0.016862323080313622,Low
2900-PHPLN,0.012506211933082234,Low
0612-RTZZA,0.7983122139702312,High
8106-GWQOK,0.0863030621168991,Low
8751-EDEKA,0.6666706962264003,High
6878-GGDWG,0.18335976047239508,Low
4039-PIMHX,0.07830106854631609,Low
8450-LUGUK,0.05442727338228622,Low
3604-WLABM,0.5875094467002434,Medium
0795-GMVQO,0.3123760641137739,Medium
2259-OUUSZ,0.3672156332130552,Medium
1142-IHLOO,0.4499066660800181,Medium
6410-LEFEN,0.6808157898686775,High
4633-MKHYU,0.8508452861699479,High
6257-RJOHI,0.556259267329682,Medium
1545-JFUML,0.1727051606407258,Low
3194-ORPIK,0.609776865413556,High
7826-VVKWT,0.5830000591746153,Medium
1353-GHZOS,0.2745327662733698,Low
2587-EKXTS,0.7040745542019239,High
5442-BXVND,0.22065703702344067,Low
8816-VXNZD,0.8874963522618519,High
9378-FXTIZ,0.25222393008757227,Low
1723-HKXJQ,0.7848934952328253,High
7825-GKXMW,0.739450917767071,High
9753-OYLBX,0.46632044169585085,Medium
2364-UFROM,0.2083491357398446,Low
6656-JWRQX,0.6243983854484662,High
6473-ULUHT,0.5947825284204071,Medium
1240-KNSEZ,0.46810383563517827,Medium
0836-SEYLU,0.6005511972888485,High
4433-JCGCG,0.8134000173200148,High
3716-BDVDB,0.8639089264116613,High
7688-AWMDX,0.017452506647561625,Low
2842-BCQGE,0.5841866246318638,Medium
7244-QWYHG,0.09143509680865063,Low
5899-MQZZL,0.7940721231987926,High
6849-OYAMU,0.5469632453080198,Medium
5312-UXESG,0.7422127252256635,High
9488-HGMJH,0.8771047778893214,High
6038-GCYEC,0.564230850718542,Medium
2150-WLKUW,0.26193255154576967,Low
7159-FVYPK,0.7014632174301878,High
7032-LMBHI,0.22549486261736107,Low
1150-WFARN,0.1543402774453553,Low
6088-BXMRG,0.8270506134999094,High
3144-AUDBS,0.6286811181985154,High
4821-SJHJV,0.7325390456601079,High
7346-MEDWM,0.5496044309676735,Medium
1137-DGOWI,0.21409674133894202,Low
5616-PRTNT,0.35814108759052826,Medium
3812-LRZIR,0.11811583658306418,Low
4818-QIUFN,0.7730130040572979,High
9483-GCPWE,0.23447641144910975,Low
4227-OJHAL,0.09334922962584061,Low
9220-CXRSC,0.024664935977318236,Low
4993-JCRGJ,0.6492152030366953,High
9537-JALFH,0.010944489827371225,Low
6698-OXETB,0.1222557671465368,Low
2103-ZRXFN,0.716879143410216,High
3724-BSCVH,0.22697383736243099,Low
4877-TSOFF,0.10091567702545814,Low
9209-NWPGU,0.1575348321689352,Low
6961-VCPMC,0.7015939903826274,High
7306-YDSOI,0.0234218685738205,Low
5288-AHOUP,0.8758280868932126,High
6688-UZPWD,0.88904488037898,High
0655-YDGFJ,0.39645741311227717,Medium
8468-EHYJA,0.6510107998490788,High
6823-SIDFQ,0.11677629302948893,Low
1097-FSPVW,0.22659302812572968,Low
2839-RFSQE,0.4549180932019465,Medium
8328-SKJNO,0.15608550426231388,Low
7010-ZMVBF,0.29686992530943507,Low
5201-CBWYG,0.038577233380155854,Low
0968-GSIKN,0.8126814953014768,High
1965-DDBWU,0.7592861285853967,High
9057-SIHCH,0.9201120686409292,High
6352-GIGGQ,0.09957329034262827,Low
3635-QQRQD,0.014615281826491999,Low
6771-XWBDM,0.6291188304621882,High
2897-DOVND,0.8587503041042959,High
3082-YVEKW,0.1356498263962433,Low
0191-EQUUH,0.0887618445275411,Low
7134-HBPBS,0.20201035358281208,Low
3489-HHPFY,0.9058586204464532,High
2926-JEJJC,0.23133432450759872,Low
8601-QACRS,0.6869776446615358,High
4950-BDEUX,0.5993365948031109,Medium
5789-LDFXO,0.22971968157118125,Low
0508-OOLTO,0.85434467746004,High
2984-TBYKU,0.09890412091300069,Low
9822-WMWVG,0.5681568811332082,Medium
2391-SOORI,0.6317554479340312,High
9040-KZVWO,0.44602128406347646,Medium
2645-QTLMB,0.8790326661194027,High
4806-HIPDW,0.8642244875585388,High
1548-ARAGG,0.5854814250621957,Medium
6339-RZCBJ,0.09353953952274568,Low
4424-TKOPW,0.9354948929384751,High
4415-WNGVR,0.4511585740999192,Medium
2522-AHJXR,0.4761341939484944,Medium
0412-UCCNP,0.045312200669939316,Low
1816-FLZDK,0.6302605944429082,High
7096-UCLNH,0.4683268181275146,Medium
8443-ZRDBZ,0.8764312022528243,High
9136-ALYBR,0.7080791891543028,High
4615-PIVVU,0.09078541813926838,Low
8885-QSQBX,0.5593505063159439,Medium
7479-NITWS,0.8425053182460079,High
8617-ENBDS,0.7933673291865113,High
9385-NXKDA,0.059988063126208475,Low
0430-IHCDJ,0.6902219174250553,High
2959-MJHIC,0.8753688532150506,High
6674-KVJHG,0.3355612668585059,Medium
1814-DKOLC,0.4840659375080009,Medium
4201-JMNGR,0.6735051482495507,High
9351-HXDMR,0.1488461928469345,Low
3537-HPKQT,0.4742627154096705,Medium
2129-ALKBS,0.23629093012512378,Low
5821-MMEIL,0.01815244398601777,Low
5960-WPXQM,0.8874832332499629,High
0684-AOSIH,0.865910315506233,High
8260-NGFNY,0.7052947575332889,High
1309-XGFSN,0.3586084401999183,Medium
1866-RZZQS,0.8388361480918102,High
6968-URWQU,0.2151578374112956,Low
4742-TXUEX,0.02772827152560334,Low
9631-XEYKE,0.6915562800707626,High
8631-NBHFZ,0.042736346255870764,Low
1335-MXCSE,0.04494350322470003,Low
8873-TMKGR,0.11568791317443716,Low
8800-JOOCF,0.8777383527813055,High
1469-LBJQJ,0.6708719177767332,High
4958-XCBDQ,0.8494100589377223,High
8337-UPOAQ,0.8975425910975628,High
0064-YIJGF,0.6949383148761284,High
2386-OWURY,0.6142864059696411,High
1725-IQNIY,0.15118746225064145,Low
0310-VQXAM,0.3855989343517783,Medium
6598-RFFVI,0.28356977540827594,Low
3453-RTHJQ,0.8443482226007182,High
6712-OAWRH,0.849064261390226,High
6278-FEPBZ,0.38425399656169834,Medium
4280-DLSHD,0.5639427885837506,Medium
1508-DFXCU,0.8431587825964776,High
8614-VGMMV,0.6866414927315873,High
7868-BGSZA,0.3383831216942639,Medium
2800-QQUSO,0.7525077381349347,High
2930-UOTMB,0.2796760458931031,Low
7973-DZRKH,0.08248765287813391,Low
5914-DVBWJ,0.7681413987993913,High
7698-YFGEZ,0.46854981326995426,Medium
2533-QVMSK,0.21900863245189678,Low
9773-PEQBZ,0.8374337979800753,High
8644-XLFBW,0.8761361832592819,High
0650-BWOZN,0.7901927727226378,High
8625-AZYZY,0.8532835408253286,High
7785-RDVIG,0.4501665471925114,Medium
9602-WCXPI,0.047600486142379383,Low
2903-YYTBW,0.743741222704921,High
3620-MWJNE,0.47364163291630995,Medium
8573-JGCZW,0.17229770729962635,Low
6837-HAEVO,0.3184464859858053,Medium
6701-YVNQG,0.04528964918339141,Low
9306-CPCBC,0.8824213600968654,High
4304-XUMGI,0.09373063937795631,Low
9504-YAZWB,0.022516222399845343,Low
8819-ZBYNA,0.17388264558580238,Low
6174-NRBTZ,0.1056711007697648,Low
9481-IEBZY,0.42006957464803957,Medium
1833-VGRUM,0.9033843566178728,High
6137-NICCO,0.8316027955706482,High
9065-ZCPQX,0.03294341737609924,Low
6402-EJMWF,0.6987452648025755,High
3620-EHIMZ,0.02387062295315365,Low
3213-VVOLG,0.21961116298547678,Low
6870-ECSHE,0.2904303970560449,Low
8747-UDCOI,0.01320926229060058,Low
8374-XGEJJ,0.8083546640357551,High
2656-TABEH,0.9079013530836141,High
6946-LMSQS,0.6583983285247842,High
4626-OZDTJ,0.19961946619169024,Low
9169-BSVIN,0.7204899563635379,High
2325-ZUSFD,0.13659193868952527,Low
8194-PEEBY,0.14036705584916215,Low
6872-HXFNF,0.0849014270673864,Low
3932-CMDTD,0.7164950390201773,High
7714-YXSMB,0.8056756858180244,High
8387-UGUSU,0.32534182459058203,Medium
1080-BWSYE,0.02160741125203777,Low
4039-HEUNW,0.8384919684477025,High
1194-HVAIF,0.8027574920252559,High
0812-WUPTB,0.8348643652218398,High
3594-UVONA,0.23674916108495592,Low
0004-TLHLJ,0.8463576444993655,High
1767-TGTKO,0.6895776676637213,High
8439-LTUGF,0.36253273736789665,Medium
8805-JNRAZ,0.6285383090226839,High
5089-IFSDP,0.2129053906571244,Low
6418-HNFED,0.059621814846056075,Low
0206-OYVOC,0.030397798542577188,Low
7291-CDTMJ,0.4571029996062541,Medium
7128-GGCNO,0.5657348581757683,Medium
0237-YFUTL,0.5026226669100228,Medium
7691-KGKGP,0.19927781180015403,Low
6710-HSJRD,0.6362849584103977,High
3675-EQOZA,0.41032781095509296,Medium
0840-DCNZE,0.1269084917378256,Low
1732-FEKLD,0.38708712413896323,Medium
9862-KJTYK,0.5213072366298479,Medium
0479-HMSWA,0.4214148377571947,Medium
5854-KSRBJ,0.015026487975536896,Low
0365-BZUWY,0.8762417511663599,High
4817-VYYWS,0.8336802387164284,High
5701-SVCWR,0.531739922580168,Medium
3129-AAQOU,0.11275267019789503,Low
4922-CVPDX,0.21965534542266102,Low
1396-QWFBJ,0.6600510503627266,High
1357-BIJKI,0.5965288492854658,Medium
1099-BTKWT,0.1343347446054659,Low
5299-SJCZT,0.8801872949588738,High
2018-PZKMU,0.8370444440705479,High
7340-KEFQE,0.0343260241720846,Low
4570-QHXHL,0.6858099789223762,High
2403-BCASL,0.6043491668029443,High
7392-YYPYJ,0.8651868715401793,High
2898-LSJGD,0.44343398156555813,Medium
2223-GDSHL,0.13612350791826963,Low
7359-PTSXY,0.7396234201431099,High
9470-RTWDV,0.36360896090397693,Medium
2176-OSJUV,0.02238496373606415,Low
9348-YVOMK,0.6329148749153876,High
8104-OSKWT,0.790063323234256,High
4521-YEEHE,0.8126567925116911,High
4090-KPJIP,0.8811455814846247,High
3786-WOVKF,0.31388298868953807,Medium
4503-BDXBD,0.7957854380061271,High
6086-ESGRL,0.8412674262904076,High
2592-HODOV,0.1985908907828254,Low
3886-CERTZ,0.40683515128023007,Medium
7995-ZHHNZ,0.15420672740070324,Low
3824-RHKVR,0.2977302834374246,Low
5816-SCGFC,0.616290217970228,High
5989-AXPUC,0.1460130276513174,Low
4979-HPRFL,0.02571426407291047,Low
8590-OHDIW,0.08074300003819612,Low
8015-IHCGW,0.1891977053222148,Low
2332-TODQS,0.06741247038760914,Low
9278-VZKCD,0.6993248507333946,High
8008-OTEZX,0.09212322090178476,Low
2773-OVBPK,0.19869207309492462,Low
5999-LCXAO,0.6114740980414914,High
5206-XZZQI,0.3581409808191806,Medium
4803-LBYPN,0.17335169798343933,Low
5759-RCVCB,0.7226258588066858,High
6372-RFVNS,0.8879295910630984,High
2139-FQHLM,0.6868263079962238,High
8261-GWDBQ,0.18707538437984556,Low
1093-YSWCA,0.11809556147479038,Low
8938-UMKPI,0.7682398048070729,High
0991-BRRFB,0.5049584411009842,Medium
3882-IYOIJ,0.16179733165598315,Low
8749-TZYEC,0.01339562934927048,Low
1755-FZQEC,0.07847977191870864,Low
3115-JPJDD,0.17679489702371387,Low
5600-KTXFM,0.8102257514303366,High
3871-IKPYH,0.8810081450136708,High
6319-IEJWJ,0.8522062788238747,High
9025-AOMKI,0.8816011994873513,High
6339-TBELP,0.1019936503099957,Low
7964-YESJC,0.38281216451774464,Medium
6173-GOLSU,0.611443323028517,High
5275-SQEIZ,0.846594165580217,High
7716-YTYHG,0.48175483108450434,Medium
9938-ZREHM,0.2262906478335336,Low
7950-XWOVN,0.5687636152519365,Medium
4390-KYULV,0.4313378759924943,Medium
4647-MUZON,0.7979120082574578,High
9702-AIUJO,0.1305496777457895,Low
8849-PRIQJ,0.35765644782764905,Medium
8851-RAGOV,0.317514238493907,Medium
1304-NECVQ,0.8972228286704472,High
5396-IZEPB,0.37385609303634,Medium
1729-VLAZJ,0.24403462985650742,Low
8285-ABVLB,0.010386636601471043,Low
0701-TJSEF,0.457327779521176,Medium
5712-VBOXD,0.4225010824915638,Medium
6629-LADHQ,0.558257549066571,Medium
8945-GRKHX,0.8906798360427632,High
1559-DTODC,0.5171701913732624,Medium
4797-MIWUM,0.3936101993505772,Medium
6959-UWKHF,0.7493330705640411,High
8720-RQSBJ,0.7736829379572834,High
4537-CIBHB,0.23330451804652041,Low
3815-SLMEF,0.5088377993605404,Medium
5154-VEKBL,0.5636729384512146,Medium
4324-AHJKS,0.5077571641045403,Medium
4355-CVPVS,0.4121457166209467,Medium
4495-LHSSK,0.4675591279145507,Medium
5655-JSMZM,0.7998037177626237,High
5915-ANOEI,0.03515828125504384,Low
9861-PDSZP,0.17939364629205012,Low
4505-EXZHB,0.856891992224346,High
7225-CBZPL,0.9040484414893224,High
6704-UTUKK,0.6513339663044454,High
4587-VVTOX,0.8974817927533764,High
2019-HDCZY,0.35937654278341385,Medium
4652-NNHNY,0.7751774859814978,High
8788-DOXSU,0.13518635589718542,Low
7404-JLKQG,0.7680313553575012,High
7421-ZLUPA,0.6087811836006635,High
8972-HJWNV,0.9095626580588777,High
3274-NSDWE,0.011728345819043808,Low
2632-IVXVF,0.15102506167520086,Low
3692-JHONH,0.6237073299440966,High
8915-NNTRC,0.13399967892486558,Low
5914-GXMDA,0.1029259655820921,Low
7463-IFMQU,0.009626820212337486,Low
2920-RNCEZ,0.8068654352303066,High
2541-YGPKE,0.12652541447159713,Low
8515-OCTJS,0.08795522270006109,Low
5382-TEMLV,0.20155944867667594,Low
3441-CGZJH,0.1546911555683077,Low
9592-ERDKV,0.29648928556772547,Low
2860-RANUS,0.8177816935961322,High
5261-QSHQM,0.7518154555227549,High
4778-IZARL,0.11621556210677249,Low
0432-CAJZV,0.8657992407369585,High
7008-LZVOZ,0.016804866468074154,Low
8868-WOZGU,0.8384327153401997,High
1200-TUZHR,0.9055012759464838,High
9365-CSLBQ,0.014230407001349414,Low
1334-FJSVR,0.7755328665794843,High
5884-FBCTL,0.01328665973837278,Low
7130-CTCUS,0.4232916749469307,Medium
6242-FEGFD,0.08139025174744705,Low
7625-XCQRH,0.8497031383282243,High
6194-HBGQN,0.10803655383845547,Low
7634-WSWDB,0.6906621611408635,High
6986-IXNDM,0.8689503779790668,High
1731-TVIUK,0.8498482874164429,High
2987-BJXIK,0.0674531812785962,Low
9769-TSBZE,0.035646329093252355,Low
0406-BPDVR,0.5011011454923204,Medium
0618-XWMSS,0.5403512716095753,Medium
1395-WSWXR,0.07345195541318898,Low
6023-GSSXW,0.045896863753391706,Low
6752-APNJL,0.21107756404708972,Low
5276-KQWHG,0.8764507160084034,High
0420-HLGXF,0.8438100926362468,High
7446-KQISO,0.28899113844299246,Low
9823-EALYC,0.030810983615246916,Low
0582-AVCLN,0.04185023016098912,Low
5803-NQJZO,0.021786659089925324,Low
2565-JSLRY,0.5315169312146812,Medium
2607-DHDAK,0.009645323707481196,Low
1073-XXCZD,0.026420216180058444,Low
0743-HRVFF,0.2306781403247604,Low
4006-HKYHO,0.04211160012337102,Low
3727-JEZTU,0.4667662112785415,Medium
8143-ETQTI,0.07759987124412095,Low
6689-KXGBO,0.708346052120464,High
9667-TKTVZ,0.6369891300929297,High
3657-COGMW,0.6224385258333205,High
8570-KLJYJ,0.1912298197776885,Low
7754-IXRMC,0.6684119049450843,High
9473-CBZOP,0.23905192864496488,Low
2969-WGHQO,0.4353105030103071,Medium
6615-NGGZJ,0.8832731724707669,High
4334-HOWRP,0.03380211509094759,Low
4255-DDUOU,0.46632044169585085,Medium
5863-OOKCL,0.37798280379274257,Medium
1686-STUHN,0.0664632929180764,Low
1329-VHWNP,0.6401097663803468,High
2984-MIIZL,0.7852095976107812,High
0266-GMEAO,0.12843178387137463,Low
5590-YRFJT,0.6082340152075841,High
5574-NXZIU,0.12575735630272566,Low
0019-GFNTW,0.02577353795958413,Low
4256-ZWTZI,0.5481864728160922,Medium
8309-PPCED,0.1786183775494856,Low
4098-NAUKP,0.5151972620255978,Medium
5196-WPYOW,0.03849329259313872,Low
4608-LCIMN,0.5989452881185899,Medium
1485-YDHMM,0.4969829798479653,Medium
4054-CUMIA,0.2996370868301833,Low
0603-TPMIB,0.023684637687874245,Low
2525-GVKQU,0.016350372934751476,Low
8161-QYMTT,0.915933238538091,High
9581-GVBXT,0.06769310848739116,Low
5862-BRIXZ,0.07667398558366059,Low
5404-GGUKR,0.6747656685961358,High
3308-JSGML,0.057607940392782574,Low
2126-GSEGL,0.06723789463048063,Low
3677-TNKIO,0.7269326834029155,High
0440-QEXBZ,0.34570770668296047,Medium
2434-EEVDB,0.15275574724968857,Low
6762-QVYJO,0.05589888286658358,Low
6199-IWKGC,0.6169513010306639,High
2675-DHUTR,0.7443518024154666,High
8152-VETUR,0.2132433558553333,Low
9667-EQRXU,0.6034140115245629,High
7446-YPODE,0.5281837532344446,Medium
9522-BNTHX,0.6032220386863298,High
4676-WLUHT,0.050289781206236575,Low
3329-WDIOK,0.8086711395816609,High
7980-MHFLQ,0.014044320930671877,Low
2873-ZLIWT,0.6259719520980197,High
3415-TAILE,0.754004531832049,High
0757-WCUUZ,0.11101064413731908,Low
1629-DQQVB,0.4397027103093586,Medium
1915-IOFGU,0.8609338152748008,High
3045-XETSH,0.8655880041052149,High
0374-AACSZ,0.6525479868849114,High
7239-HZZCX,0.4696649756406511,Medium
4872-VXRIL,0.07034515197559592,Low
9140-CZQZZ,0.038120094990686734,Low
3423-HHXAO,0.1993770282957006,Low
9938-TKDGL,0.16134634964376307,Low
0531-ZZJWQ,0.6334236118107949,High
6537-QLGEX,0.6143016872488924,High
2688-BHGOG,0.88030994866184,High
7683-CBDKJ,0.5634755372669876,Medium
0946-CLJTI,0.7669150404482876,High
3160-TYXLT,0.18907389180858997,Low
1325-USMEC,0.12568074974032784,Low
0916-QOFDP,0.9104913224471219,High
0628-CNQRM,0.21359568462390877,Low
5606-AMZBO,0.7302311225801056,High
6199-IPCAO,0.07596329059425862,Low
7665-TOALD,0.8628525913634609,High
0112-QWPNC,0.23242565965626372,Low
0324-BRPCJ,0.6906490986342201,High
2777-PHDEI,0.8892593909204682,High
5640-CAXOA,0.24325291315070866,Low
2235-EZAIK,0.029631006931176474,Low
3847-BAERP,0.373464179752053,Medium
1196-AMORA,0.8704799178703575,High
4282-YMKNA,0.8617708574205868,High
1453-RZFON,0.5706663500676465,Medium
8263-OKETD,0.50399827915112,Medium
0670-KDOMA,0.4674349649420165,Medium
2476-YGEFM,0.6867765906495845,High
8687-BAFGU,0.8163516471047119,High
0641-EVBOJ,0.6438527786133939,High
0829-XXPLX,0.6614635999508446,High
9974-JFBHQ,0.42919254238521537,Medium
5356-RHIPP,0.4676579089541269,Medium
6624-JDRDS,0.5503600879722186,Medium
0608-JDVEC,0.036307052670815035,Low
9780-FKVVF,0.5771613154322445,Medium
1919-RTPQD,0.6987225705732137,High
5214-NLTIT,0.17648208177972508,Low
3345-PBBFH,0.5613826930476524,Medium
5055-BRMNE,0.14978701537876823,Low
9189-JWSHV,0.8895082907085001,High
2190-PHBHR,0.12284251407264893,Low
2650-GYRYL,0.09400228896428418,Low
0746-JTRFU,0.7658656217647896,High
5208-FVQKB,0.025680998689682592,Low
7184-LRUUR,0.3204711494991401,Medium
6627-CFOSN,0.4335608852889676,Medium
3982-JGSFD,0.08290772445586064,Low
1574-DYCWE,0.02471334372498878,Low
7247-XOZPB,0.11310421133002703,Low
2466-FCCPT,0.15418849882148825,Low
6211-WWLTF,0.17063088548902167,Low
4826-TZEVA,0.5138030357721046,Medium
6016-NXBNJ,0.09161823743567252,Low
9138-EFSMO,0.5536537659645084,Medium
0576-WNXXC,0.8228765113157306,High
4632-XJMEX,0.058111251925585826,Low
8910-LEDAG,0.6235959577091831,High
3452-GWUIN,0.8991769968913367,High
2716-GFZOR,0.3868077540657158,Medium
3724-UCSHY,0.41795891686181524,Medium
8626-XHBIE,0.026871734328698937,Low
4628-CTTLA,0.2894203290348099,Low
3192-LNKRK,0.6719324092384739,High
4439-YRNVD,0.582780175971379,Medium
2876-VBBBL,0.4674349649420165,Medium
6834-NXDCA,0.6770941003360931,High
2208-UGTGR,0.7254747423644254,High
3005-TYFRD,0.6423846997158463,High
8670-MEFCP,0.113639236892475,Low
3079-BCHLN,0.054187574577644816,Low
7777-UNYHB,0.34228891201873063,Medium
5597-GLBUC,0.879934357578937,High
7278-CKDNC,0.8018853486053571,High
2748-MYRVK,0.40606008721693626,Medium
8450-UYIBU,0.5617853878230615,Medium
2969-VAPYH,0.03537820100645312,Low
4822-YCXMX,0.8321485351165151,High
7181-OQCUT,0.774157085571673,High
8474-UMLNT,0.3997783419732786,Medium
9821-POOTN,0.730551370418334,High
3836-FZSDJ,0.01641603914544134,Low
9142-XMYJH,0.20411556180462595,Low
6559-ILWKJ,0.08080475194748658,Low
0187-QSXOE,0.9079979536818291,High
7733-UDMTP,0.41160122839118857,Medium
2649-HWLYB,0.04276298772008636,Low
5214-CHIWJ,0.12482150192749764,Low
4229-CZMLL,0.8719144349407664,High
6904-JLBGY,0.1498634505812584,Low
2465-BLLEU,0.4696649756406511,Medium
1685-VAYJF,0.5684356083826021,Medium
8874-EJNSR,0.05266235482499475,Low
6917-YACBP,0.5042837926826375,Medium
5049-MUBWG,0.23679385383022045,Low
4223-WOZCM,0.6854168717486222,High
0769-MURVM,0.02893417778500037,Low
9253-VIFJQ,0.06901362691169574,Low
7030-FZTFM,0.17547382179274706,Low
9741-YLNTD,0.8088048894704276,High
5917-RYRMG,0.11160213204723572,Low
5120-ZBLAI,0.2843414808446671,Low
1194-BHJYC,0.048411628603262334,Low
3663-MITLP,0.8441400384505056,High
0906-QVPMS,0.1338280820279815,Low
9025-ZRPVR,0.38981584401433345,Medium
1905-OEILC,0.4707804410025753,Medium
7858-GTZSP,0.8778847400582913,High
3285-UCQVC,0.2684839121466249,Low
6248-BSHKG,0.03183920741085676,Low
4685-TFLLS,0.1650413563555538,Low
3470-BTGQO,0.4887343218220173,Medium
1209-VFFOC,0.02574473403036075,Low
8224-DWCKX,0.8163507241788341,High
5482-PLVPE,0.7938960441508314,High
4553-DVPZG,0.7059909446390433,High
4902-OHLSK,0.8344137955103134,High
6917-IAYHD,0.5945859358053093,Medium
0495-ZBNGW,0.8375496429165402,High
8620-RJPZN,0.5527185215538547,Medium
7572-KPVKK,0.3179663954879541,Medium
2642-MAWLJ,0.04337426773474689,Low
2357-COQEK,0.8357760446258997,High
7103-ZGVNT,0.0628532881315347,Low
3737-GCSPV,0.6997127941054759,High
2027-WKXMW,0.6239886080226004,High
7137-NAXML,0.1359515029414865,Low
2428-ZMCTB,0.3640573766553395,Medium
2961-VNFKL,0.013538626080088764,Low
1768-HNVGJ,0.37111578509345966,Medium
6963-KQYQB,0.015337085765259146,Low
5934-RMPOV,0.8448319173398401,High
1207-BLKSA,0.03212177368367876,Low
4088-YLDSU,0.5201993868296144,Medium
8316-BBQAY,0.04111550754253779,Low
1166-PQLGG,0.00979568064933836,Low
3146-JTQHR,0.21862637253223383,Low
4291-YZODP,0.24822091198413657,Low
4395-PZMSN,0.8741330000982798,High
6427-FEFIG,0.22826733030043453,Low
0017-IUDMW,0.13294161698083307,Low
8706-HRADD,0.40160467847722964,Medium
9955-QOPOY,0.08960826894784568,Low
4385-ZKVNW,0.20541179343652896,Low
5446-DKWYW,0.2505448567894637,Low
2034-CGRHZ,0.822350521013962,High
5797-APWZC,0.9071250678553477,High
3683-QKIUE,0.5244460161404492,Medium
4228-ZGYUW,0.8875301674372684,High
9031-ZVQPT,0.24735444813651283,Low
2990-IAJSV,0.04579104941599038,Low
8107-KNCIM,0.8590927080549847,High
9027-YFHQJ,0.45039839402415,Medium
5176-LDKUH,0.3849129232478738,Medium
4644-OBGFZ,0.04074870709241145,Low
7926-IJOOU,0.45849253823871033,Medium
6480-YAGIY,0.29322442069529536,Low
4029-HPFVY,0.8044594932912781,High
7602-DBTOU,0.010691854638109233,Low
5345-BMKWB,0.39403015546691816,Medium
3519-ZKXGG,0.8804236004858628,High
5457-COLHT,0.03596675051713338,Low
6416-TVAIH,0.8651674718428535,High
5451-YHYPW,0.1538025881570257,Low
5108-ADXWO,0.7534499306957368,High
7998-WNZEM,0.03305874565155803,Low
3066-RRJIO,0.814988074976305,High
4664-NJCMS,0.11485278180024155,Low
0307-BCOPK,0.18778074927129823,Low
7629-WFGLW,0.2813440982041328,Low
2542-HYGIQ,0.45560349074349826,Medium
6715-OFDBP,0.7919372223455566,High
5016-LIPDW,0.03756054567493919,Low
6481-LXPWL,0.09148455704940635,Low
1567-DSCIC,0.8708385529970237,High
2150-UWTFY,0.344289394879879,Medium
6124-ACRHJ,0.4696649756406511,Medium
9362-MWODR,0.22796621216299498,Low
9975-GPKZU,0.028575738377127863,Low
9625-RZFUK,0.015025610256964736,Low
5153-LXKDT,0.24846595390074858,Low
5161-UBZXI,0.1028807064228579,Low
1020-JPQOW,0.4937891563703497,Medium
7919-ZODZZ,0.4285027792310745,Medium
0565-JUPYD,0.2058047783067925,Low
6867-ACCZI,0.11135147959498137,Low
5939-XAIXZ,0.5587220098440516,Medium
9054-FOWNV,0.8392465489524013,High
2683-BPJSO,0.664460587660997,High
2157-MXBJS,0.5650238611485613,Medium
8207-VVMYB,0.01480355068958705,Low
9732-EQMWY,0.7077381059264458,High
9360-AHGNL,0.4555204287035663,Medium
1087-UDSIH,0.44908780308488266,Medium
5269-NRGDP,0.2974762734265499,Low
6195-MELTI,0.07599630184712354,Low
5485-WUYWF,0.6191760021246931,High
2121-JAFOM,0.13200367190304632,Low
8818-DOPVL,0.7987163659848601,High
2632-UCGVD,0.5752471544708562,Medium
5445-PZWGX,0.29236662122346785,Low
1227-UDMZR,0.04651766501636371,Low
5198-HQAEN,0.4691802074495895,Medium
9170-CCKOU,0.6377300431259592,High
2167-FQSTQ,0.06857247432538711,Low
2819-GWENI,0.11936382499923408,Low
1043-YCUTE,0.024855974615547203,Low
3814-MLAXC,0.5969946620710901,Medium
3572-UUHRS,0.05937973954308941,Low
2692-PFYTJ,0.5239283141716488,Medium
1226-UDFZR,0.627393218346977,High
5955-EPOAZ,0.41110653714629913,Medium
6821-JPCDC,0.5468427659095555,Medium
8815-LMFLX,0.27519056683012655,Low
9135-HSWOC,0.01361842724247072,Low
8582-KRHPJ,0.16225517041445617,Low
5811-IWXYM,0.511577628236803,Medium
7044-YAACC,0.8682971193919913,High
8189-XRIKE,0.8273465203617946,High
1506-YJTYT,0.06940181041051123,Low
4123-DVHPH,0.8448679705229097,High
6425-YQLLO,0.3880076667856353,Medium
5442-UTCVD,0.8973678674390865,High
2228-BZDEE,0.021700685938485315,Low
7734-DBOAI,0.7470109806161398,High
2789-CZANW,0.15021188420301262,Low
2091-RFFBA,0.7835459085614509,High
2114-MGINA,0.8253826337278272,High
7596-LDUXP,0.543840194845912,Medium
3740-RLMVT,0.04285992012680973,Low
4489-SNOJF,0.4157878939183895,Medium
2192-OZITF,0.07971379196038039,Low
5651-CPDND,0.5892920488376381,Medium
2186-QZEYA,0.38271902638226607,Medium
1131-ALZWV,0.16663264119125418,Low
7729-XBTWX,0.013251575413181086,Low
9134-WYRVP,0.2836480295588907,Low
3284-SVCRO,0.04112460603533111,Low
9732-OUYRN,0.05005629520336695,Low
0559-CKHUS,0.06059802842722456,Low
2931-SVLTV,0.5676620897292428,Medium
6899-PPEEA,0.8456053447953477,High
7504-UWHNB,0.742938016515218,High
2582-FFFZR,0.7016150428832937,High
8908-NMQTX,0.02893201643984422,Low
2187-LZGPL,0.6624869862126328,High
1431-AIDJQ,0.13323457791790885,Low
6288-LBEAR,0.5764395512161853,Medium
4597-NUCQV,0.871365955806881,High
9019-QVLZD,0.8865858592430717,High
8413-YNHNV,0.052892819691775145,Low
5808-TOTXO,0.27084716270628456,Low
4369-NYSCF,0.1389262929207855,Low
6333-YDVLT,0.2817158476879924,Low
5324-KTGCG,0.0299902468356605,Low
5599-HVLTW,0.7958975259979031,High
7394-LWLYN,0.8573836348137928,High
3707-LRWZD,0.6686761174984374,High
6873-UDNLD,0.3811529563597682,Medium
2700-LUEVA,0.45205185781041013,Medium
1455-ESIQH,0.909363922492596,High
0958-YHXGP,0.7845727397476975,High
1101-SSWAG,0.680258864004096,High
2979-SXESE,0.800793215348934,High
4013-TLDHQ,0.7519792585503323,High
5743-KHMNA,0.01392400376643228,Low
4194-FJARJ,0.04256646500439354,Low
5325-UWTWJ,0.4764214134860007,Medium
3969-GYXEL,0.7454630972892157,High
9208-OLGAQ,0.8415600754382487,High
3244-CQPHU,0.14283236008085842,Low
2674-MLXMN,0.5720030735707585,Medium
9708-HPXWZ,0.6519404068888319,High
6992-TKNYO,0.23883971664464398,Low
4468-YDOVK,0.543045625188051,Medium
3754-DXMRT,0.7667106204419226,High
5792-JALQC,0.06983606652268819,Low
7130-VTEWQ,0.8798975506157791,High
2200-DSAAL,0.12842820148902576,Low
4302-ZYFEL,0.021685384271082374,Low
9351-LZYGF,0.1915705454841052,Low
4366-CTOUZ,0.22327592520685544,Low
6121-VZNQB,0.4725657881842526,Medium
7903-CMPEY,0.8570749118718833,High
1518-OMDIK,0.36797335962604305,Medium
6671-NGWON,0.4044862348339426,Medium
0595-ITUDF,0.4230586287308228,Medium
6996-KNSML,0.8563637220279194,High
1955-IBMMB,0.01672770846427839,Low
0096-BXERS,0.7516538097190056,High
3806-YAZOV,0.45247935495314345,Medium
7998-ZLXWN,0.3143983869749913,Medium
6253-WRFHY,0.601838195105991,High
9133-AYJZG,0.8035396882683596,High
2675-OTVVJ,0.7669365843300967,High
8680-CGLTP,0.1755978124883075,Low
8430-TWCBX,0.04974279257529167,Low
5018-GWURO,0.5769311545239114,Medium
6741-QRLUP,0.041218869605815306,Low
4737-HOBAX,0.08879291505481338,Low
0537-QYZZN,0.7495807961220381,High
3340-QBBFM,0.17787652711575322,Low
1704-NRWYE,0.8758409199996431,High
2592-SEIFQ,0.758733573024734,High
8200-KLNYW,0.2709550981641651,Low
3372-CDXFJ,0.24121366046798814,Low
4781-ZXYGU,0.4548814749675948,Medium
7632-YUTXB,0.13413444241257982,Low
2718-YSKCS,0.01009031002428776,Low
9896-UYMIE,0.25376099910362776,Low
0853-NWIFK,0.4624433860251793,Medium
8212-CRQXP,0.7318500330593843,High
6980-CDGFC,0.023293894514911647,Low
7691-XVTZH,0.1860262980831616,Low
2520-SGTTA,0.1830663136532996,Low
7481-ATQQS,0.6640662359641392,High
2277-VWCNI,0.7321431998944959,High
1088-CNNKB,0.08058041142829779,Low
8642-GVWRF,0.7680678042248733,High
1930-BZLHI,0.15409127800700284,Low
3400-ESFUW,0.0276566370216242,Low
5868-YTYKS,0.4674349649420165,Medium
3525-DVKFN,0.09899284596808149,Low
1482-OXZSY,0.7173617104889134,High
0377-JBKKT,0.28332582331040834,Low
5778-BVOFB,0.5611949599988985,Medium
3373-YZZYM,0.47211938380691104,Medium
2057-ZBLPD,0.8466098547358413,High
0228-MAUWC,0.5692248956123535,Medium
5502-RLUYV,0.6687391173014187,High
0023-HGHWL,0.7987444438307405,High
7663-YJHSN,0.09497535565974789,Low
4915-BFSXL,0.048076610920584024,Low
3086-RUCRN,0.3264846613991411,Medium
5215-LNLDJ,0.7263000199964853,High
7576-JMYWV,0.6575806189345902,High
9039-RBEEE,0.2172353417293187,Low
0257-KXZGU,0.40180651624779723,Medium
1307-ATKGB,0.7752708918583305,High
8417-FMLZI,0.799779425897305,High
3714-XPXBW,0.2806221859023831,Low
1850-AKQEP,0.39463489501494087,Medium
2824-DXNKN,0.04357284727924403,Low
5227-JSCFE,0.01730602094478745,Low
0848-ZGQIJ,0.789035570072916,High
3621-CHYVB,0.1399166684018041,Low
8042-RNLKO,0.033304272343511354,Low
1792-UXAFY,0.8258164976138738,High
5372-FBKBN,0.27119858572225813,Low
0420-TXVSG,0.03544553676937055,Low
6217-TOWGS,0.6668016772508636,High
0515-YPMCW,0.8136339329514762,High
0378-XSZPU,0.06697513201455044,Low
1045-LTCYT,0.37710443531186494,Medium
1544-JJMYL,0.1837592984527533,Low
4636-JGAAI,0.708350513654857,High
6874-SGLHU,0.5585930111316605,Medium
5951-AOFIH,0.40035496083213346,Medium
4729-XKASR,0.7739700343870691,High
3059-NGMXB,0.5470222193206972,Medium
8652-YHIYU,0.5365874487667158,Medium
5278-PNYOX,0.23600737331285426,Low
5449-FIBXJ,0.8467578229480203,High
3486-HOOGQ,0.03454837250839463,Low
5061-PBXFW,0.1998985125748462,Low
8630-FJLIB,0.7826950962131296,High
3891-NLXJB,0.05240131091956156,Low
4749-OJKQU,0.876833140264866,High
0577-WHMEV,0.7290397489534186,High
5453-AXEPF,0.7331700664453332,High
3639-XJHKQ,0.45774103773414077,Medium
3716-LRGXK,0.29677255254234525,Low
2263-SFSQZ,0.03229675248012795,Low
9950-MTGYX,0.05909357146167749,Low
3397-AVTKU,0.1519760224652017,Low
4825-FUREZ,0.049814556848130756,Low
9837-BMCLM,0.8824593554078812,High
2672-OJQZP,0.6707894251247144,High
0137-UDEUO,0.448178215149913,Medium
3134-DSHVC,0.14921195470821097,Low
6161-UUUTA,0.8955235978567582,High
7821-DPRQE,0.5025075415474113,Medium
6543-XRMYR,0.854626327772927,High
2001-EWBQU,0.36872077596390673,Medium
4925-LMHOK,0.4813687440976625,Medium
1608-GMEWB,0.7506236017036292,High
6695-AMZUF,0.03512090227470434,Low
1455-UGQVH,0.9072386507975025,High
8410-BGQXN,0.4401357345746967,Medium
8280-MQRQN,0.6571944751944973,High
1619-YWUBB,0.015229318568373769,Low
7611-YKYTC,0.5833961673134797,Medium
2037-SGXHH,0.7490035297060198,High
3178-FESZO,0.876219144022525,High
0365-GXEZS,0.7220280959931691,High
0082-OQIQY,0.7622055045925606,High
6087-MVHJH,0.8660927182999393,High
4603-JANFB,0.8623218425638096,High
3018-TFTSU,0.6397683830385008,High
3606-SBKRY,0.4556729704659301,Medium
4806-KEXQR,0.8793514805095404,High
0667-NSRGI,0.1941758045711143,Low
7083-YNSKY,0.37053501433066943,Medium
6893-ODYYE,0.16335207598159698,Low
8242-JSVBO,0.6078243513396321,High
2479-BRAMR,0.5415421397040551,Medium
9541-ZPSEA,0.07686863825149041,Low
2665-NPTGL,0.8320835691081692,High
1139-WUOAH,0.07615778669048162,Low
4693-VWVBO,0.5366820351519154,Medium
7434-SHXLS,0.4645379081881195,Medium
6937-GCDGQ,0.24609122473050224,Low
0988-JRWWP,0.7707056189091441,High
5075-JSDKI,0.033588324102731146,Low
7908-QCBCA,0.8164688326049307,High
8644-XYTSV,0.2732810840904188,Low
6711-FLDFB,0.8683173299100928,High
3873-WOSBC,0.016340851256633378,Low
7465-ZZRVX,0.8612551670462617,High
7975-JMZNT,0.0537654192271675,Low
7251-XFOIL,0.5636441984791742,Medium
4116-IQRFR,0.3156922006172236,Medium
3714-JTVOV,0.47938542096256653,Medium
8259-DZLIZ,0.09837781055223827,Low
0442-ZXKVS,0.35733029125008203,Medium
7853-WNZSY,0.4564921193839705,Medium
3120-FAZKD,0.027243955250125195,Low
8606-OEGQZ,0.11203890054665014,Low
0225-ZORZP,0.8657497005235993,High
4702-IOQDC,0.8617893688110024,High
9489-JMTTN,0.04722065960799304,Low
0575-CUQOV,0.5028423723077537,Medium
0967-BMLBD,0.21853635550401157,Low
6178-KFNHS,0.791313909706961,High
2830-LEWOA,0.30051931512910884,Medium
5006-MXVRN,0.03790386314907379,Low
1264-BYWMS,0.7424453386536642,High
9658-WYUFB,0.7827274443773047,High
8327-WKMIE,0.08108278945004727,Low
6917-FIJHC,0.013531748747146544,Low
5329-KRDTM,0.048905831320264166,Low
7797-EJMDP,0.46858071520829897,Medium
3530-VWVGU,0.2628346353274447,Low
2013-SGDXK,0.8699571562606074,High
6368-NWMCE,0.3674874428716939,Medium
3633-CDBUW,0.43939543461096536,Medium
0707-HOVVN,0.05322234530336357,Low
8580-QVLOC,0.05055342313082768,Low
3956-MGXOG,0.7780159880297635,High
9274-UARKJ,0.7469483174172896,High
4077-HWUYD,0.04777277315700178,Low
2012-NWRPA,0.9159154427946016,High
8808-ELEHO,0.8730936654084069,High
0103-CSITQ,0.3839569796615465,Medium
3506-LCJDC,0.45576987434775545,Medium
8671-KKKOS,0.30169127446184274,Medium
7305-ZWMAJ,0.10426933000274723,Low
9518-XXBXE,0.7807741504026905,High
3934-HXCFZ,0.745348460025057,High
6578-KRMAW,0.5555334713917776,Medium
4860-IJUDE,0.6571221647386349,High
7666-WKRON,0.2465382853412325,Low
9688-YGXVR,0.5684013486726005,Medium
0423-UDIJQ,0.5562557892594404,Medium
1945-XISKS,0.01264791103647084,Low
4910-AQFFX,0.7982988384717987,High
2154-KVJFF,0.8135005064494172,High
5360-LJCNJ,0.23052961056195653,Low
2607-FBDFF,0.5778846617527781,Medium
9647-ERGBE,0.850660862108391,High
3428-XZMAZ,0.8633816182834222,High
1100-DDVRV,0.6438782257320902,High
0378-TOVMS,0.8384516142482378,High
4355-HBJHH,0.10690289209839435,Low
6728-WYQBC,0.45133080422720845,Medium
9058-CBREO,0.7477191321927712,High
9029-FEGVJ,0.712556239233974,High
7216-KAOID,0.0690826085058159,Low
0318-QUUOB,0.8847723773932233,High
6145-NNPNO,0.6615460605233453,High
5520-FVEWJ,0.8216472277506984,High
5339-TJFEK,0.6041658116994559,High
5572-ZDXHY,0.7242231676660493,High
2074-GUHPQ,0.6476050458432455,High
4625-XMOYM,0.013378124594025,Low
5827-MWCZK,0.4694366000241567,Medium
1385-TQOZW,0.3690301388459304,Medium
5914-XRFQB,0.13433043283837043,Low
4329-YPDDQ,0.6180921916423613,High
4804-NCPET,0.09023037973939795,Low
3750-CKVKH,0.8624392983752018,High
5944-UGLLK,0.16141121703669625,Low
8063-GBATB,0.8461302535914701,High
7787-BNTZM,0.40306203346915415,Medium
2252-ISRNH,0.7827328463611624,High
9415-TPKRV,0.7053723008090187,High
5322-TEUJK,0.13427267921960792,Low
4547-KQRTM,0.7756153650024091,High
4877-EVATK,0.46854981326995426,Medium
1866-DIOQZ,0.05926278400901237,Low
8375-KVTHK,0.3358452419007855,Medium
2697-NQBPF,0.7650680928458377,High
3709-OIJEA,0.45463803085804355,Medium
7639-SUPCW,0.3723130584782591,Medium
1386-ZIKUV,0.4095773191888886,Medium
0599-XNYDO,0.7011702013685759,High
6377-WHAOX,0.7037211686520175,High
6855-VLGOS,0.014228005165746639,Low
8999-XXGNS,0.4020776110289165,Medium
8746-OQQRW,0.4949793986323145,Medium
3181-MIZBN,0.3978150649604144,Medium
0471-ARVMX,0.4869654504824826,Medium
7766-CLTIC,0.5674554416180844,Medium
5650-YLIBA,0.7351471556559622,High
0825-CPPQH,0.010142273327820006,Low
9084-OAYKL,0.01832382251871688,Low
6122-LJADA,0.04768467803400163,Low
2400-XIWIO,0.06776571882160146,Low
7524-VRLPL,0.04374621014105544,Low
1069-XAIEM,0.9214117135084182,High
7569-NMZYQ,0.1342585751656561,Low
5201-USSQZ,0.6387973165714679,High
2105-PHWON,0.6490705988968831,High
1494-EJZDW,0.12764766851086987,Low
4884-TVUQF,0.16373742849949213,Low
8003-EWNDZ,0.45565330248052643,Medium
1897-RCFUM,0.10065007879968488,Low
9256-JTBNZ,0.3529643713314957,Medium
4658-HCOHW,0.7772513228956975,High
2211-RMNHO,0.06778754049230325,Low
2432-TFSMK,0.6577380553718132,High
3440-JPSCL,0.8012702087694752,High
4929-ROART,0.47266478386620836,Medium
1834-ABKHQ,0.12137596276150348,Low
1741-WTPON,0.1891972000074996,Low
3932-IJWDZ,0.6594534768584784,High
1240-HCBOH,0.016971511369710847,Low
3594-KADLU,0.50294575185903,Medium
8065-BVEPF,0.5504076925402835,Medium
3796-ENZGF,0.06145807893308321,Low
1734-ZMNTZ,0.1525050975342232,Low
2853-CWQFQ,0.645365544038597,High
0813-TAXXS,0.14206917771474936,Low
2519-TWKFS,0.2766813817936363,Low
2889-FPWRM,0.24109300155819458,Low
0626-QXNGV,0.013275775786830694,Low
6723-CEGQI,0.03775290256007787,Low
6987-XQSJT,0.6204581965058491,High
4732-RRJZC,0.40460141382548415,Medium
9499-XPZXM,0.022090260176467726,Low
4338-EYCER,0.5413260150040539,Medium
3007-FDPEA,0.4418167635175792,Medium
6350-XFYGW,0.9112081921229156,High
4290-BSXUX,0.7782512212412335,High
8513-OLYGY,0.13196761617505137,Low
0311-QYWSS,0.6139833890525879,High
8705-DWKTI,0.5374467797827651,Medium
8755-IWJHN,0.496761610572818,Medium
0325-XBFAC,0.8864650117516206,High
4480-QQRHC,0.7916502421488267,High
0929-PECLO,0.5656932545480631,Medium
3680-CTHUH,0.2870038846885146,Low
1202-KKGFU,0.3786773041014415,Medium
6112-KTHFQ,0.34917264576052437,Medium
1852-XEMDW,0.40395646363638854,Medium
2462-XIIJB,0.8888378254412127,High
4760-XOHVN,0.4710035694605173,Medium
1820-DJFPH,0.013120991184086125,Low
9426-SXNHE,0.45125285003018534,Medium
9068-FHQHD,0.03671004395850804,Low
1269-FOYWN,0.06078258925232686,Low
9470-YFUYI,0.052626404417930255,Low
7817-BOQPW,0.8838772063324284,High
7402-EYFXX,0.8829425463101112,High
1853-UDXBW,0.862002565502597,High
9895-VFOXH,0.708264267354475,High
5458-CQJTA,0.04403231611293908,Low
1230-QAJDW,0.675437203247754,High
5701-ZIKJE,0.4735641437670481,Medium
5219-YIPTK,0.8215201969225158,High
5032-MIYKT,0.8129540019533679,High
7396-VJUZB,0.6422442934407634,High
9717-QEBGU,0.8575784087262883,High
5172-RKOCB,0.13030465667138133,Low
6509-TSGWN,0.19434062909077365,Low
3540-RZJYU,0.7678422256871441,High
3178-CIFOT,0.13877984750949193,Low
2091-MJTFX,0.4648057377154297,Medium
4530-NDRKU,0.09577672353654071,Low
5985-TBABQ,0.3268204882359252,Medium
9800-ONTFE,0.7292268782339398,High
6743-HHQPF,0.2933304473402251,Low
8455-HIRAQ,0.6123122164732174,High
6616-AALSR,0.20593366791685616,Low
0883-EIBTI,0.45971203363105945,Medium
9415-ZNBSX,0.049229262555580154,Low
4018-KJYUY,0.2531414437607399,Low
0722-TROQR,0.8942001485457471,High
7571-YXDAD,0.8367460396251656,High
3884-UEBXB,0.022137416440125648,Low
8780-RSYYU,0.23421990475865254,Low
5537-UXXVS,0.27228882237350693,Low
1791-PQHBB,0.6026608106619844,High
8701-DGLVH,0.02456686937224977,Low
8741-LQOBK,0.17637142506422201,Low
3393-FMZPV,0.8480124163280734,High
8082-GHXOP,0.572438097293012,Medium
6402-ZFPPI,0.7684894757132011,High
0980-FEXWF,0.2737895429744469,Low
7486-KSRVI,0.5872732157128273,Medium
3011-WQKSZ,0.3666531102821109,Medium
8443-WVPSS,0.8235781933842841,High
3006-XIMLN,0.8919687899750119,High
8218-FFJDS,0.043150655587389446,Low
1986-PHGZF,0.4702193462596546,Medium
9965-YOKZB,0.9052921434161524,High
0504-HHAPI,0.7901491275501726,High
9360-OMDZZ,0.873740512149044,High
6305-YLBMM,0.25925514532145955,Low
0345-XMMUG,0.2803932024439116,Low
8024-XNAFQ,0.10940870433495871,Low
3647-GMGDH,0.7762358500956407,High
2988-GBIVW,0.5342978753557098,Medium
2832-SCUCO,0.5465974898535255,Medium
7036-ZZKBD,0.37036457184279353,Medium
3791-LGQCY,0.6943823763376694,High
0265-PSUAE,0.7309582166462942,High
0463-TXOAK,0.02966072395193794,Low
0594-UFTUL,0.34559143612792603,Medium
9509-MPYOD,0.09032269498859043,Low
9128-CPXKI,0.32558441594109855,Medium
0129-KPTWJ,0.580893808796618,Medium
8166-ZZTFS,0.11090823138012525,Low
5855-EIBDE,0.1538266114616484,Low
5365-LLFYV,0.658754455749328,High
5956-YHHRX,0.8811446966965545,High
6008-NAIXK,0.275534823540671,Low
2956-GGUCQ,0.7495566171574504,High
1928-BXYIV,0.665366967534409,High
5760-FXFVO,0.7539137339121091,High
6595-COKXZ,0.6719749240140926,High
0961-ZWLVI,0.409714244502035,Medium
5181-OABFK,0.03551279915327021,Low
4007-NHVHI,0.5865958656305629,Medium
7816-VGHTO,0.21241205052651388,Low
5871-DGTXZ,0.10237635542424245,Low
7550-WIQVA,0.5095610000994315,Medium
7544-ZVIKX,0.3957402189799081,Medium
0016-QLJIS,0.058910413891308175,Low
7508-DQAKK,0.056590199203605515,Low
5176-OLSKT,0.03455880719620199,Low
9356-AXGMP,0.536592173492036,Medium
3556-BVQGL,0.16100165446203338,Low
0362-ZBZWJ,0.7858325215049902,High
8979-CAMGB,0.5125114364464538,Medium
4211-MMAZN,0.4674349649420165,Medium
7581-EBBOU,0.09079880567439197,Low
4274-OWWYO,0.8433589325917048,High
5073-RZGBK,0.11547819105289152,Low
1541-ETJZO,0.6222793221800761,High
2192-CKRLV,0.04105450527174589,Low
3154-HMWUU,0.015907453383626303,Low
6119-SPUDB,0.04363679763006777,Low
6522-OIQSX,0.06031797953137461,Low
7813-ZGGAW,0.6860192889133445,High
8748-HFWBO,0.16597016448482135,Low
1052-QJIBV,0.01005038169325228,Low
1319-YLZJG,0.70583234256948,High
4106-HADHQ,0.17361998971601042,Low
0723-FDLAY,0.2333125282506909,Low
3050-RLLXC,0.05021870861675859,Low
9298-WGMRW,0.13219304208108168,Low
2369-UAPKZ,0.8684696173676212,High
3088-LHEFH,0.7249284469051688,High
2778-OCLGR,0.481874126684317,Medium
6583-KQJLK,0.8681771081994812,High
8544-JNBOX,0.010211429482467983,Low
6681-ZSEXG,0.06911722512814414,Low
6139-ZZRBQ,0.015499611181159228,Low
6116-RFVHN,0.8352033053456507,High
0637-KVDLV,0.8820127322649539,High
8884-FEEWR,0.08723579481950183,Low
3125-RAHBV,0.14276441428855313,Low
6633-MPWBS,0.6367330790550918,High
0373-AIVNJ,0.31660122069993407,Medium
8785-EPNCG,0.41730342363509554,Medium
1682-VCOIO,0.1435224098875238,Low
5729-KLZAR,0.8770174309608281,High
2072-ZVJJX,0.015523352719102178,Low
8849-AYPTR,0.7981351509396976,High
9518-IMLHK,0.26088424614908384,Low
1582-RAFML,0.6040416623179401,High
3646-ITDGM,0.018825421947808195,Low
8740-CRYFY,0.8876619623655329,High
3569-VLDHH,0.08020846924574193,Low
8224-KDLKN,0.012981018730066471,Low
7594-LZNWR,0.6261732401433611,High
4001-TSBTV,0.5711188362589082,Medium
2962-XPMCQ,0.7347944151547123,High
8727-XDPUD,0.1408626788090194,Low
1043-UXOVO,0.13459582367562148,Low
1064-FBXNK,0.29079375394456536,Low
3996-ZNWYK,0.011701686952350033,Low
2878-DHMIN,0.12439157326443472,Low
7762-ONLJY,0.2582242538920217,Low
1678-FYZOW,0.8808150932589288,High
5795-BKOYE,0.050158203802031634,Low
8627-EHGIP,0.249884799795872,Low
7402-PWYJJ,0.44672499580037,Medium
5480-TBGPH,0.7513726917789563,High
0018-NYROU,0.8485018714583441,High
7501-VTYLJ,0.6186666009312928,High
7608-RGIRO,0.020493120604100686,Low
0480-BIXDE,0.8472835245130921,High
5895-QSXOD,0.773796213570904,High
9814-AOUDH,0.021674666878974205,Low
6175-IRFIT,0.836402982593791,High
8760-ZRHKE,0.13372764168989695,Low
1622-HSHSF,0.47055732422177543,Medium
8854-CCVSQ,0.8002749845896879,High
6749-UTDVX,0.308810785787429,Medium
5542-DHSXL,0.5063088373816191,Medium
9102-OXKFY,0.06709578125930284,Low
0511-JTEOY,0.8118621426335629,High
5216-WASFJ,0.8316636272791152,High
7808-DVWEP,0.4338707561286841,Medium
7067-KSAZT,0.5468455549250473,Medium
2284-VFLKH,0.3890274007389688,Medium
0366-NQSHS,0.46117240939473386,Medium
6532-YLWSI,0.04142954164863909,Low
3807-BPOMJ,0.4302676874881879,Medium
3892-NXAZG,0.13457209689948674,Low
4948-WBBKL,0.673698245007822,High
4182-BGSIQ,0.36343469231894554,Medium
9300-AGZNL,0.9368339826090752,High
0988-AADSA,0.0322154424609816,Low
9972-NKTFD,0.30671896456721864,Medium
3717-LNXKW,0.6005751161807846,High
5734-EJKXG,0.3722355732820636,Medium
2207-RYYRL,0.03178239269411462,Low
6729-FZWSY,0.02445001273428362,Low
9695-IDRZR,0.26157004250625093,Low
8144-DGHXP,0.08845422747830457,Low
7814-LEEVE,0.4542153635546211,Medium
1112-CUNAO,0.8733804082481743,High
5175-AOBHI,0.6409962951633273,High
5174-RNGBH,0.5311176398403105,Medium
8631-WUXGY,0.7074568660720407,High
7270-BDIOA,0.7930590543204505,High
9565-JSNFM,0.37857635972057635,Medium
5906-DVAPM,0.09884088183134805,Low
6654-QGBZZ,0.4689958411517119,Medium
8348-JLBUG,0.17921267097512594,Low
0607-DAAHE,0.021601306032288672,Low
5641-DMBFJ,0.10606107563655272,Low
9200-NLNPD,0.14292237434474078,Low
2664-XJZNO,0.10859980053506178,Low
9732-KPKBW,0.5728869225696009,Medium
3339-EAQNV,0.40372695593081104,Medium
0921-OHLVP,0.8483496045691586,High
3389-YGYAI,0.9077423909937116,High
9560-ARGQJ,0.8302292628279282,High
8350-NYMVI,0.228156112119442,Low
1600-DILPE,0.5596176365544666,Medium
0536-ESJEP,0.07642693516125265,Low
4654-GGUII,0.19121578308963416,Low
6478-HRRCZ,0.15158298707557186,Low
8510-BBWMU,0.07234470429611164,Low
6857-TKDJV,0.01606636634557662,Low
2360-RDGRO,0.6190906276517356,High
0584-BJQGZ,0.3522515700677272,Medium
5134-IKDAY,0.8624281302218516,High
1360-XFJMR,0.3281756540920257,Medium
3070-DVEYC,0.8470388511850518,High
5730-RIITO,0.2238516488892231,Low
9058-MJLZC,0.7785470210854574,High
5707-ORNDZ,0.6786085749958213,High
0902-XKXPN,0.010931396799416564,Low
5177-RVZNU,0.08044970364278316,Low
0056-EPFBG,0.10565049725890915,Low
8993-IZEUX,0.7776372312133331,High
8696-JKZNU,0.7492813511028035,High
5380-AFSSK,0.8899406403042375,High
8190-ZTQFB,0.3648940838405741,Medium
0931-MHTEM,0.31033537907704767,Medium
2055-PDADH,0.8713864216317349,High
7515-LODFU,0.012641457674325843,Low
0440-UEDAI,0.2703879559309253,Low
1337-BOZWO,0.3667866516464026,Medium
0868-VJRDR,0.11622147819455204,Low
8714-EUHJO,0.7918362743766708,High
6344-SFJVH,0.508382289825205,Medium
3950-VPYJB,0.05505993877652237,Low
8041-TMEID,0.23299083972605739,Low
7321-ZNSLA,0.1260454385212718,Low
6941-KXRRV,0.1922696410682746,Low
3721-CNEYS,0.8559742871343864,High
8727-JQFHV,0.018851854912321303,Low
9475-NNDGC,0.30225418445619856,Medium
1355-KUSBG,0.7495113008925214,High
3688-FTHLT,0.6423146831283003,High
0899-LIIBW,0.837502593159925,High
2568-OIADY,0.8282318069191335,High
1384-RCUXW,0.7484661853496294,High
5825-XJOCM,0.11658270278195353,Low
6848-YLDFR,0.12947405859353903,Low
8125-QPFJD,0.04933257545954991,Low
2320-YKQBO,0.4087869524129759,Medium
1193-RTSLK,0.4369715475288591,Medium
2302-ANTDP,0.6382578887547092,High
5923-GXUOC,0.8103688202922452,High
4973-RLZVI,0.15218021333838244,Low
7869-ZYDST,0.5250311189745476,Medium
4501-UYKBC,0.22124674311312903,Low
1215-EXRMO,0.02580872345382966,Low
2305-MRGLV,0.5492319502364675,Medium
8404-VIOMB,0.036731218046027296,Low
5233-GEEAX,0.7415912711545165,High
2359-KLTEK,0.6812252250330753,High
5304-EFJLP,0.20020676645093521,Low
2673-ZALNP,0.2517868751774484,Low
9184-GALIL,0.1527834719230546,Low
4393-RYCRE,0.4598916339573909,Medium
9746-MDMBK,0.35203707655194566,Medium
3162-ZJZFU,0.5093946521037854,Medium
8404-GFGCZ,0.7937911316271642,High
8875-AKBYH,0.8709456298811508,High
4432-ADRLB,0.6621620196288707,High
0533-UCAAU,0.18987178153436884,Low
1394-SUIUH,0.4457363219334,Medium
3521-MNKLV,0.4552459194478708,Medium
2533-TIBIX,0.4577914050417681,Medium
8993-PHFWD,0.7567545686976846,High
1565-RHDJD,0.7998233539772097,High
7137-RYLPP,0.8004695068229152,High
3765-JXVKY,0.8425290056968489,High
5092-STPKP,0.27846196521626976,Low
7330-WZLNC,0.8806403037392988,High
0114-PEGZZ,0.8205312591152092,High
3359-DSRKA,0.018428770026135362,Low
8639-NHQEI,0.11818638955935154,Low
7161-DFHUF,0.014411060744405325,Low
3957-LXOLK,0.8616734244366744,High
3720-DBRWL,0.061648860571444385,Low
6635-MYYYZ,0.19109652802466057,Low
8565-WUXZU,0.056388213294247966,Low
5281-BUZGT,0.7332798230592823,High
4994-OBRSZ,0.12676255175837714,Low
0562-FGDCR,0.032716673485170364,Low
2436-QBZFP,0.6180993474197363,High
3420-YJLQT,0.8680001475643768,High
6040-CGACY,0.3278445510860078,Medium
6582-PLFUU,0.023922105542948022,Low
8242-PDSGJ,0.016529850139698807,Low
0264-CNITK,0.01000473786308759,Low
0089-IIQKO,0.6811714918285207,High
7839-NUIAA,0.2062561712003304,Low
6075-QMNRR,0.16320432626356451,Low
5378-IKEEG,0.8067771651299095,High
5966-EMAZU,0.2965521738153403,Low
0440-EKDCF,0.03198169316290408,Low
4774-HHGGS,0.05984591862534412,Low
2718-GAXQD,0.7467140829899187,High
2055-BFOCC,0.0979639109749794,Low
8180-AKMJV,0.6597895235330453,High
4298-OYIFC,0.8574132771782529,High
5566-SOEZD,0.34256937394310066,Medium
9842-EFSYY,0.6559634288673258,High
2272-WUSPA,0.2236784026830811,Low
4584-LBNMK,0.08906352405287582,Low
3898-GUYTS,0.5967619909319407,Medium
0930-EHUZA,0.12850499449409625,Low
6413-XKKPU,0.7581706594436048,High
9975-SKRNR,0.47345872784641485,Medium
3703-KBKZP,0.7983311757260287,High
1449-XQEMT,0.4481066649967057,Medium
2626-URJFX,0.7636182342562589,High
4973-MGTON,0.03492386725070574,Low
3682-YEUWS,0.4366904245398275,Medium
1223-UNPKS,0.08686888490297746,Low
2612-RRIDN,0.8748617868117319,High
4735-ASGMA,0.8636010374784349,High
3446-QDSZF,0.680721367063988,High
3669-LVWZB,0.7353636972841775,High
6892-EZDTG,0.8819398395311406,High
5117-IFGPS,0.8379033677744869,High
7379-FNIUJ,0.8422922769051562,High
1627-AFWVJ,0.06114949023335588,Low
9725-SCPZG,0.9067471331903069,High
5884-GCYMI,0.8164688326049307,High
3217-FZDMN,0.8594763236226217,High
4486-EFAEB,0.4259603288458673,Medium
0060-FUALY,0.5370222275641764,Medium
7853-GVUDZ,0.45471514470742685,Medium
7480-QNVZJ,0.7970706236339904,High
6954-OOYZZ,0.5052599760269443,Medium
7088-FBAWU,0.5197387265147193,Medium
8313-AFGBW,0.1810186320717036,Low
3943-KDREE,0.7036610802649182,High
9239-ZBZZV,0.8163836358378873,High
3097-IDVPU,0.5558246879303125,Medium
4398-HSCJH,0.7505167653244069,High
2197-OMWGI,0.10609107942619676,Low
2303-PJYHN,0.4462602839804739,Medium
9795-VOWON,0.4661123475573528,Medium
1237-WIYYZ,0.3017347354106666,Medium
1987-AUELQ,0.013967764923724658,Low
7852-LECYP,0.765059631171332,High
4430-UZIPO,0.5611815932577817,Medium
4822-LPTYJ,0.21898548539691332,Low
8165-CBKXO,0.0659254879815766,Low
6527-PZFPV,0.13065595322358034,Low
4855-SNKMY,0.7452743483374963,High
9593-CVZKR,0.026823563646300452,Low
8595-SIZNC,0.1991103320952218,Low
8008-HAWED,0.7598417617080118,High
7124-UGSUR,0.47099593041440685,Medium
1862-SKORY,0.488635438815619,Medium
5236-XMZJY,0.20218571088891482,Low
4827-DPADN,0.050478754474402886,Low
2694-CIUMO,0.7278831394301173,High
5846-ABOBJ,0.013708566733084581,Low
1439-LCGVL,0.1290414989996545,Low
0909-SDHNU,0.5522283193091119,Medium
4647-XXZAM,0.6257865134747045,High
1502-XFCVR,0.38276095923498243,Medium
7740-KKCXF,0.2024696629764953,Low
5360-XGYAZ,0.029499688931421877,Low
9692-TUSXH,0.8017883925184826,High
7912-SYRQT,0.8149617063762804,High
3557-HTYWR,0.06987055281071951,Low
4816-JBHOV,0.7649631753056907,High
8920-NAVAY,0.399446781987869,Medium
1699-TLDLZ,0.10166115169265136,Low
5600-PDUJF,0.5314622736436363,Medium
8292-TYSPY,0.4042763931941143,Medium
0567-XRHCU,0.032938818043027965,Low
1867-BDVFH,0.85451258552899,High
2067-QYTCF,0.6066835939321115,High
2359-QWQUL,0.35840625964716305,Medium
9103-TCIHJ,0.5066877219953025,Medium
7407-SUJIZ,0.23957360826282606,Low
9150-KPBJQ,0.14187772331490345,Low
0052-DCKON,0.27158079115668066,Low
3654-ARMGP,0.08286060375121819,Low
9699-UBQFS,0.6796497730428703,High
9367-TCUYN,0.3538849229027502,Medium
1261-FWTTE,0.5858465120521357,Medium
3528-HFRIQ,0.22679061574186446,Low
0708-SJDIS,0.424152626256723,Medium
4140-WJAWW,0.4144289354643449,Medium
2073-QBVBI,0.12363677317243311,Low
6928-ONTRW,0.009591715017750179,Low
3320-VEOYC,0.9095118413377604,High
5231-FIQPA,0.0373430406724384,Low
6617-WLBQC,0.45633481426212696,Medium
2599-CIPQE,0.10332525696984446,Low
6653-CBBOM,0.8613621457864876,High
8774-GSBUN,0.013738584731726065,Low
7326-RIGQZ,0.8410492320547546,High
1401-FTHFQ,0.13719241118829398,Low
3247-ZVOUO,0.8995953995470752,High
0254-FNMCI,0.13593513859646286,Low
1848-LBZHY,0.5019466984974077,Medium
6101-IMRMM,0.8541492778565754,High
8118-TJAFG,0.8234639430806069,High
5429-LWCMV,0.8644503038419503,High
7298-IZWLY,0.4712267095070352,Medium
9758-MFWGD,0.13969941819027146,Low
3955-JBZZM,0.8189344161925313,High
1268-ASBGA,0.8351499667092082,High
8943-URTMR,0.8419631036104559,High
4815-TUMEQ,0.22849187596323045,Low
4713-LZDRV,0.9013345643100005,High
9909-IDLEK,0.7022069938401686,High
4092-OFQZS,0.1594466777509088,Low
1561-BWHIN,0.16583101163841196,Low
4325-NFSKC,0.8160776428007661,High
9927-DSWDF,0.6918888774889501,High
9500-LTVBP,0.5727928983045554,Medium
7252-NTGSS,0.6692053740835966,High
8149-AIQCG,0.6168482999682444,High
1360-JYXKQ,0.4958109544841538,Medium
2955-PSXOE,0.4546594197687533,Medium
7762-URZQH,0.2020178910397465,Low
0899-WZRSD,0.5030019439795393,Medium
3255-GRXMG,0.4980892172984207,Medium
4828-FAZPK,0.7412367968363793,High
6094-ZIVKX,0.05194101406348672,Low
6925-BAYGL,0.03278250330355687,Low
3262-EIDHV,0.047778700517596535,Low
7354-OIJLX,0.8598437965937864,High
1376-HHBDV,0.3223717994180647,Medium
6907-NZZIJ,0.8150965386347998,High
6133-OZILE,0.5345341768087518,Medium
4135-FRWKJ,0.17127007918788628,Low
2911-UREFD,0.46533596014662465,Medium
3744-ZRRDZ,0.7861060976148054,High
5673-TIYIB,0.5523357347203911,Medium
6551-ZCOTS,0.1378769371251293,Low
7191-ADRGF,0.13564558816278027,Low
5018-LXQQG,0.2936415113686662,Low
6892-BOGQE,0.010080472210936503,Low
1602-IJQQE,0.8782376730450215,High
4628-WQCQQ,0.5770299675596946,Medium
1746-TGTWV,0.7980582065441437,High
5995-SNNEW,0.8686190067525189,High
8050-WYBND,0.43744970068908023,Medium
2821-WARNZ,0.04969609906825628,Low
4879-GZLFH,0.7632381334640465,High
1644-IRKSF,0.6656553556600983,High
8314-HTWVE,0.14286966895441663,Low
9402-ROUMJ,0.2068429209032696,Low
2507-QZPQS,0.8034997103572417,High
7159-NOKYQ,0.2600273590719152,Low
5707-ZMDJP,0.04342171540135813,Low
8779-YIQQA,0.15337173055405448,Low
7136-IHZJA,0.22078732730026407,Low
8966-OIQHG,0.14146661727560716,Low
7074-STDCN,0.4063751205865878,Medium
3705-PSNGL,0.08512089557160489,Low
8739-QOTTN,0.4564335457584825,Medium
1399-OUPJN,0.018807519378997575,Low
0277-BKSQP,0.7397779381212629,High
6502-HCJTI,0.7893776083866267,High
2606-RMDHZ,0.6122506373478707,High
5774-XZTQC,0.40405744458445053,Medium
2676-SSLTO,0.09321161074816876,Low
6266-QHOJZ,0.20235186892479703,Low
7269-JISCY,0.11041811677065361,Low
0363-SVHYR,0.04856091531283021,Low
8547-NSBBO,0.45022689310759423,Medium
8258-GSTJK,0.8933521970708614,High
6861-OKBCE,0.3524227391373217,Medium
9940-RHLFB,0.8554802148406405,High
6591-QGOYB,0.6085878774836265,High
9070-BCKQP,0.14101718441217428,Low
6421-SZVEM,0.4444459596393988,Medium
1328-EUZHC,0.09401590563844421,Low
2995-UPRYS,0.45805177462076235,Medium
8878-RYUKI,0.3769031806833874,Medium
9633-DENPU,0.2973539230967868,Low
7811-JIVPF,0.4492022018527144,Medium
7113-HIPFI,0.019642861618543644,Low
8541-QVFKM,0.868059780497183,High
6686-YPGHK,0.5308623908001018,Medium
1383-EZRWL,0.4065304084161863,Medium
9258-CNWAC,0.1378881429398659,Low
5371-VYLSX,0.5546171124345778,Medium
6374-AFWOX,0.039564278761592915,Low
4759-TRPLW,0.8611481190637541,High
5317-FLPJF,0.040581357504374985,Low
7621-VPNET,0.5224261351412046,Medium
6034-YMTOB,0.7296760319400692,High
8563-IIOXK,0.42552916981575417,Medium
4903-CNOZC,0.3268390948075698,Medium
4353-HYOJD,0.4014829862764142,Medium
8020-BWHYL,0.7285246897441416,High
7267-FRMJW,0.07107251889097661,Low
2982-VPSGI,0.907417800462336,High
4188-FRABG,0.4836792103142109,Medium
8199-ZLLSA,0.24799044117421096,Low
4128-ETESU,0.8120048914733905,High
0620-DLSLK,0.7860862616108022,High
4625-EWPTF,0.6239223363132956,High
5980-NOPLP,0.801026048596087,High
3850-OKINF,0.12356276806617411,Low
6892-XPFPU,0.8697255603718652,High
8010-EZLOU,0.8376889785771698,High
1156-ZFYDO,0.5569212177384434,Medium
3295-YVUSR,0.868101797560809,High
8016-NCFVO,0.6123133729111531,High
4119-ZYPZY,0.2740779528283237,Low
5549-ZGHFB,0.034074839938959316,Low
7577-SWIFR,0.9091422422167673,High
0303-WMMRN,0.42885490465158527,Medium
6408-OTUBZ,0.189749857715796,Low
5204-HMGYF,0.12664895407498483,Low
1078-TDCRN,0.7546541243655623,High
3727-OVPRY,0.033242699638917614,Low
3797-FKOGQ,0.8796239103100096,High
7622-NXQZR,0.34509220265222323,Medium
6196-HBOBZ,0.19330461951939745,Low
3970-XGJDU,0.014597343696403534,Low
7017-VFULY,0.44467425604197847,Medium
5562-YJQGT,0.44296597431183066,Medium
8807-OPMBM,0.026122321878695915,Low
5439-WIKXB,0.7704774122162412,High
9874-QLCLH,0.8406870610985827,High
8294-UIMBA,0.500721626091095,Medium
8109-YUOHE,0.2359088041420425,Low
5840-NVDCG,0.12897273004904716,Low
8092-NLTGF,0.013145956191100391,Low
5928-QLDHB,0.8579353570118052,High
9840-EFJQB,0.8433589325917048,High
0696-UKTOX,0.4470927600901507,Medium
4801-KFYKL,0.3850815798291898,Medium
3472-OAOOR,0.3936640087471791,Medium
6135-OZQVA,0.6648100443707586,High
8062-YBDOE,0.87997155083826,High
2252-JHJGE,0.46685911192387003,Medium
4188-PCPIG,0.03693075920556977,Low
6000-APYLU,0.8602875935736399,High
7105-BENQF,0.3303823106210628,Medium
7721-DVEKZ,0.47011112604577004,Medium
3566-VVORZ,0.5546236672585834,Medium
9507-HSMMZ,0.022060212497447336,Low
2480-SQIOB,0.7204093013046451,High
0947-IDHRQ,0.8184166326846598,High
7813-TKCVO,0.1594786976460268,Low
0128-MKWSG,0.3496226805884473,Medium
3672-YITQD,0.8113213116312442,High
4350-ZTLPI,0.4035998153059959,Medium
9048-JVYVF,0.7503810346092656,High
0361-HJRDX,0.03526529324637744,Low
5727-MYATE,0.04453523080339778,Low
3823-KYNQY,0.24577143820483385,Low
8988-ECPJR,0.6743887145815873,High
7570-WELNY,0.09285879571629958,Low
3021-VLNRJ,0.09374669344569014,Low
3776-EKTKM,0.8278597923713618,High
2080-CAZNM,0.8113317116065377,High
1028-FFNJK,0.8220414746045337,High
6907-FLBER,0.7585855095622847,High
3001-UNBTL,0.8644406099565853,High
5982-PSMKW,0.15952427585614926,Low
3507-GASNP,0.016880839560429454,Low
7096-ZNBZI,0.013116723357351041,Low
1902-XBTFB,0.7807897923129903,High
1676-MQAOA,0.02291885605677429,Low
0786-IVLAW,0.4403141633698397,Medium
7566-DSRLQ,0.2470624967882515,Low
0643-OKLRP,0.6046872664434683,High
7245-JMTTQ,0.5141729487106614,Medium
6050-IJRHS,0.47085460488135134,Medium
6202-JVYEU,0.30261196779065497,Medium
8591-TKMZH,0.17448112278074002,Low
0734-OXWBT,0.6755366074791883,High
4282-ACRXS,0.4601720762265914,Medium
0365-TRTPY,0.5046124777940624,Medium
7349-ALMUX,0.0486207675525019,Low
9381-NDKME,0.5662790893029356,Medium
6502-KUGLL,0.3239163262765915,Medium
1841-YSJGV,0.12772590996402391,Low
2794-XIMMO,0.19999692087436827,Low
8382-SHQEH,0.8934279405943717,High
3511-BFTJW,0.01879141774539744,Low
7668-XCFYV,0.908434211077235,High
2983-ZANRP,0.7796387563996597,High
7845-URHJN,0.38193308148974925,Medium
3034-ZBEQN,0.1279585502765628,Low
5018-HEKFO,0.4370980124928278,Medium
2923-ARZLG,0.3115238528190101,Medium
3976-NLDEZ,0.4658747258905634,Medium
2282-YGNOR,0.13991273361684692,Low
5336-UFNZP,0.5450369103098489,Medium
6854-EXGSF,0.5067499888431923,Medium
1241-EZFMJ,0.020544043406889367,Low
9233-PSYHO,0.5914486630638848,Medium
5376-PCKNB,0.3627155143653323,Medium
8044-BGWPI,0.4370190765176965,Medium
4060-LDNLU,0.9119049916887247,High
3589-PPVKW,0.6002171424456867,High
8327-LZKAS,0.6176777426727985,High
5887-IKKYO,0.19526875315721434,Low
1075-BGWOH,0.9059119769159064,High
1755-RMCXH,0.45657363790197397,Medium
0302-JOIVN,0.8686936027172955,High
3858-XHYJO,0.491398678015995,Medium
4299-SIMNS,0.8015093061961583,High
7025-IWFHT,0.4298029401950819,Medium
6261-LHRTG,0.39227382430945457,Medium
7841-FCRQD,0.15737348066036985,Low
2056-EVGZL,0.2647651199288083,Low
8777-MBMTS,0.17467909667169976,Low
7753-USQYQ,0.15432776613003887,Low
5366-IJEQJ,0.8482905860964555,High
7661-CPURM,0.5128097100366128,Medium
6233-HXJMX,0.6625855371436421,High
5902-WBLSE,0.010513311479553917,Low
1981-INRFU,0.8832712922537118,High
4971-PUYQO,0.8206419551576849,High
3239-TPHPZ,0.1604710552578817,Low
5115-GZDEL,0.02873011177357965,Low
3338-CVVEH,0.9042773667508747,High
8485-GJCDN,0.8202061416189128,High
2615-YVMYX,0.6034520824923252,High
2851-STERV,0.3763572312758543,Medium
4393-GEADV,0.13295349328477743,Low
8486-AYEQH,0.7494889295364796,High
1527-SXDPN,0.215750495907541,Low
6029-WTIPC,0.8447737022537797,High
8634-CILSZ,0.3128290489505294,Medium
5419-JKZNQ,0.7190031515904592,High
2495-KZNFB,0.7281875027341567,High
1409-PHXTF,0.3707738750630137,Medium
4560-WQAQW,0.09813165906758008,Low
9591-YVTEB,0.2675155415447309,Low
9309-BZGNT,0.07351035175402226,Low
4274-DRSQT,0.31606081873311187,Medium
2027-DNKIV,0.11374074593091758,Low
8075-GXIUB,0.25363768245553114,Low
2885-HIJDH,0.055927731200401835,Low
5424-RLQLC,0.6153068737615951,High
6682-QJDGB,0.21883228822634263,Low
6507-DTJZV,0.664989414399732,High
8780-IXSTS,0.8784869491011899,High
7673-BQGKU,0.010851464738079875,Low
6723-WSNTY,0.37256959361873115,Medium
9530-EHPOH,0.7138821181524442,High
2725-IWWBA,0.0857311201201432,Low
0345-HKJVM,0.8976371879751841,High
1061-PNTHC,0.502494762024558,Medium
0394-YONDK,0.014350396742764313,Low
6574-MCOEH,0.4161339624943858,Medium
7399-QHBJS,0.0211096389689573,Low
3049-SOLAY,0.9219720455367243,High
0997-YTLNY,0.42964569250645446,Medium
3317-HRTNN,0.8415400041529763,High
9479-HYNYL,0.048640079877310394,Low
3235-ETOOB,0.7687628989962804,High
9708-KFDBY,0.4529393226897632,Medium
8058-INTPH,0.8864056371486911,High
3642-GKTCT,0.29135827921076085,Low
0774-RMNUW,0.029444574953595606,Low
1334-PDUKM,0.22667853669574614,Low
0756-MPZRL,0.11185071630983195,Low
2242-MFOTG,0.3907480743718996,Medium
2927-CVULT,0.14658287566048034,Low
2144-BFDSO,0.6215075772952491,High
8745-PVESG,0.05191004711148338,Low
7647-GYYKX,0.020581597549680003,Low
5647-FXOTP,0.7352347448017091,High
5569-OUICF,0.7689389855414215,High
8821-XNHVZ,0.8451701111138978,High
2082-OJVTK,0.8196380595801466,High
9700-ISPUP,0.614389355248191,High
9839-ETQOE,0.2705736140318237,Low
6078-VESFR,0.7643775562851735,High
9027-TMATR,0.12329446824457145,Low
5940-NFXKV,0.8557980992585977,High
1941-HOSAM,0.9078768146008948,High
9110-HSGTV,0.03889277742122004,Low
0704-VCUMB,0.015503634232847634,Low
6171-ZTVYB,0.19074464520246373,Low
8053-WWDRO,0.40671343150920153,Medium
9564-KCLHR,0.5809755672026301,Medium
1935-IMVBB,0.5974295361634648,Medium
2535-PBCGC,0.03187800180075144,Low
2082-CEFLT,0.7401404830640307,High
1470-PSXNM,0.517423484471878,Medium
1213-NGCUN,0.5285404461435366,Medium
2498-XLDZR,0.08241572858568931,Low
9866-OCCKE,0.1748962339420599,Low
5338-YHWYT,0.050072567592754864,Low
7718-UPSKJ,0.18673592178576104,Low
8731-WBBMB,0.4406879716178086,Medium
1448-CYWKC,0.4547073269465319,Medium
7901-IIDQV,0.2679673254112164,Low
2690-DVRVK,0.3379756589697912,Medium
5688-KZTSN,0.40674027532437645,Medium
1270-XKUCC,0.058732835911779864,Low
0334-ZFJSR,0.06889324127637078,Low
2894-QOJRX,0.5258283454516001,Medium
5747-PMBSQ,0.7476491265543377,High
5583-EJXRD,0.05467129222933165,Low
4565-EVZMJ,0.07529610926899512,Low
3143-JQEGI,0.8804567738180021,High
6386-SZZKH,0.27445978691411055,Low
3327-YBAKM,0.24225405212843937,Low
9441-QHEVC,0.4725657881842526,Medium
6705-LNMDD,0.41542989158334326,Medium
2580-ASVVY,0.10683113502898779,Low
3370-GQEAL,0.8066169246646667,High
5032-USPKF,0.25671076377584623,Low
2982-IHMFT,0.8676988784083607,High
3521-SYVOR,0.5774359410990737,Medium
4254-QPEDE,0.05475386745929713,Low
6283-GITPX,0.024149210572129542,Low
9526-JAWYF,0.7587860730390116,High
0771-CHWSK,0.04935339458758007,Low
9788-HNGUT,0.13604579368358224,Low
9495-REDIY,0.26058860344371587,Low
5375-XLDOF,0.13496080638381494,Low
1172-VIYBP,0.07340923880160807,Low
5649-VUKMC,0.7041151627241586,High
6559-PDZLR,0.7775462094857574,High
8992-OBVDG,0.5532773570602968,Medium
4273-MBHYA,0.9089941843676961,High
4724-WXVWF,0.5586361773979893,Medium
5701-GUXDC,0.20631059010126102,Low
1460-UZPRJ,0.017124361299343926,Low
6082-GLJIX,0.30027799122984994,Medium
5143-EGQFK,0.659423832825434,High
4919-IKATY,0.8166539615420295,High
2495-TTHBQ,0.27371589163237936,Low
0485-ZBSLN,0.017933632428711658,Low
3810-PJUHR,0.014829790424406276,Low
9050-QLROH,0.7967625833600359,High
0847-HGRML,0.014787954749540668,Low
8232-CTLKO,0.05855541987746368,Low
9227-YBAXE,0.05320276925118455,Low
6168-WFVVF,0.872323546101785,High
9860-LISIZ,0.17567376033002102,Low
0112-QAWRZ,0.8023127716631703,High
0877-SDMBN,0.4110708005944581,Medium
2786-GCDPI,0.7426198950097793,High
4043-MKDTV,0.18936266182345082,Low
8065-YKXKD,0.8584990076679324,High
9637-EIHEQ,0.6648548258004559,High
9229-RQABD,0.2144723677848209,Low
8313-KTIHG,0.6881032146219973,High
5320-BRKGK,0.05441191358524241,Low
6284-KMNUF,0.48421546042939967,Medium
9689-PTNPG,0.881890793524213,High
9465-RWMXL,0.7474997686305942,High
6229-UOLQL,0.07010142453851625,Low
2362-IBOOY,0.7856774243704797,High
3137-LUPIX,0.670495138426495,High
0843-WTBXE,0.5918902424345805,Medium
6143-JQKEA,0.5743806520603029,Medium
8676-OOQEJ,0.6763170217879457,High
5515-IDEJJ,0.4689958411517119,Medium
9701-CDXHR,0.47709576904014217,Medium
7450-NWRTR,0.9135341043307793,High
8124-NZVGJ,0.5206792269170678,Medium
2162-FRZAA,0.027686932454989807,Low
5376-DEQCP,0.8607192342256835,High
5118-MUEYH,0.6112480322994102,High
9095-HFAFX,0.818295640231787,High
5627-TVBPP,0.0860499156328857,Low
2379-ENZGV,0.8518343152853582,High
3936-QQFLL,0.4589976408591604,Medium
2589-AYCRP,0.04796085298192131,Low
4067-HLYQI,0.6022888094239246,High
5124-EOGYE,0.05590915398087683,Low
5057-RKGLH,0.1318359838249922,Low
0292-WEGCH,0.4049787386968853,Medium
8910-ICHIU,0.29787841512853397,Low
4097-YODCF,0.6016135275653501,High
9715-WZCLW,0.24940012538408327,Low
9786-YWNHU,0.02308954012266932,Low
6407-GSJNL,0.031121672997733538,Low
6005-OBZPH,0.8296244178963526,High
4049-ZPALD,0.16725953728469276,Low
7932-WPTDS,0.799606823835164,High
3733-UOCWF,0.2412729259230397,Low
6833-JMZYP,0.8173624127278976,High
2722-VOJQL,0.3458730376289526,Medium
1310-QRITU,0.6618230813042758,High
8961-QDZZJ,0.4850789050241826,Medium
9715-SBVSU,0.18435227906940244,Low
8490-BXHEO,0.7561991858569819,High
7173-TETGO,0.10397831036809875,Low
7929-SKFGK,0.1441655332400815,Low
2300-RQGOI,0.0420189779546237,Low
3563-SVYLG,0.019080863747257745,Low
5228-EXCET,0.8444383761689355,High
6435-VWCCY,0.1571581005953141,Low
4998-IKFSE,0.8511156867359791,High
8630-QSGXK,0.1231799122824825,Low
2455-USLMV,0.5801973553450188,Medium
7394-FKDNK,0.8895498264067739,High
9488-FVZCC,0.03189458103164678,Low
6331-LWDTQ,0.7387183892799782,High
5995-WWKKG,0.11531172974027994,Low
1597-FZREH,0.7416496748666116,High
7879-CGSFV,0.3199171393009706,Medium
9921-EZKBY,0.64583986218448,High
7432-FFVAR,0.3316931720759815,Medium
7246-ZGQDF,0.570474784187595,Medium
7000-WCEVQ,0.6575830995507436,High
0727-IWKVK,0.8005865478063784,High
5959-BELXA,0.8053664155600361,High
4456-RHSNB,0.4903947052358277,Medium
3512-IZIKN,0.02647881586296429,Low
2481-SBOYW,0.020521765945718588,Low
7109-MFBYV,0.5315509591291172,Medium
1833-TCXKK,0.692799869777415,High
1832-PEUTS,0.21432552097991658,Low
6141-OOXUQ,0.47011112604577004,Medium
8660-BUETV,0.6546822766906891,High
0580-PIQHM,0.36913999023509964,Medium
5696-CEIQJ,0.15252710677004902,Low
7503-ZGUZJ,0.8743040168872585,High
1696-HXOWK,0.22630488640774798,Low
3026-ATZYV,0.20887025916365604,Low
4012-YCFAI,0.025134715338186616,Low
2506-TNFCO,0.8801606007901214,High
9970-QBCDA,0.40481542931876446,Medium
8718-PTMEZ,0.6341590635316997,High
9496-IVVRP,0.4638691757684541,Medium
2207-OBZNX,0.5117948622984501,Medium
2657-VPXTA,0.8875805775549812,High
6551-VLJMV,0.04721033979961709,Low
1221-GHZEP,0.03517334937898524,Low
9289-LBQVU,0.11148186052054748,Low
6142-VSJQO,0.6607435330427421,High
3458-IDMFK,0.07048514847757595,Low
6933-FHBZC,0.2511708449067716,Low
0221-NAUXK,0.21863863288429822,Low
9770-KXGQU,0.3264384042020929,Medium
6437-UKHMV,0.8675384474240374,High
6538-POCHL,0.5659605899532287,Medium
6726-NNFWD,0.1510069594229804,Low
3002-WQZWT,0.763771820909079,High
4277-UDIEF,0.46464903761846993,Medium
1208-NBVFH,0.5773874439484935,Medium
4912-PIGUY,0.9080974611265572,High
1114-CENIM,0.24664620389905248,Low
6060-DRTNL,0.8440409299898188,High
2725-TTRIQ,0.0491394722388982,Low
3374-TTZTK,0.21429456810144398,Low
8990-ZXLSU,0.8315820502534812,High
2275-RBYQS,0.668213387849141,High
8473-VUVJN,0.9042407556616356,High
6289-CPNLD,0.2798124167187398,Low
5536-SLHPM,0.6113217453913533,High
4419-UJMUS,0.27056393718572475,Low
7794-JASDG,0.5669323481713081,Medium
7609-YBPXG,0.08052158495811837,Low
5519-TEEUH,0.0989802003817139,Low
7856-GANIL,0.4135001514531648,Medium
0804-XBFBV,0.6932455293463262,High
2676-OXPPQ,0.47057169699125373,Medium
3703-TTEPD,0.4355912533348819,Medium
2799-TSLAG,0.017895692262523497,Low
0196-VULGZ,0.9107059432356248,High
8837-VVWLQ,0.8053048637122565,High
2696-NARTR,0.7695650829224635,High
2208-NKVVH,0.04558263006380334,Low
7614-QVWQL,0.2052773542940774,Low
1976-CFOCS,0.7673491792974134,High
4631-OACRM,0.8592556505529944,High
7139-JZFVG,0.03227779395319127,Low
4987-GQWPO,0.5361381711808657,Medium
3755-JBMNH,0.7463450269099396,High
1757-TCATG,0.08790863088671676,Low
6345-ULYRW,0.5145842649321527,Medium
4776-XSKYQ,0.3318068520720975,Medium
8048-DSDFQ,0.4676579089541269,Medium
5753-QQWPW,0.1781250786269169,Low
6010-DDPPW,0.014822437713188488,Low
1809-DMJHQ,0.6314929727473806,High
6693-FRIRW,0.7713848605370365,High
6586-MYGKD,0.05079885078726634,Low
3173-NVMPX,0.6214140662070173,High
0248-PGHBZ,0.08907892896273978,Low
0623-GDISB,0.5642007968583389,Medium
2892-GESUL,0.09405996624587688,Low
6923-EFPNL,0.6789247084632734,High
7472-EQOAV,0.14317904058296732,Low
9574-RKJIF,0.7171819205441774,High
2043-WVTQJ,0.555233238609501,Medium
8034-RYTVV,0.25158361938538665,Low
3863-QSTYI,0.25492223206555575,Low
2619-WFQWU,0.8144473329235237,High
5044-LRQAQ,0.7770702473008074,High
1716-LSAMB,0.04431251851185129,Low
1333-PBMXB,0.05381067499304293,Low
6546-OPBBH,0.06381489769443707,Low
5985-BEHZK,0.4026871183148032,Medium
9127-QRZMH,0.07719896655301273,Low
5919-VCZYM,0.45782792012409723,Medium
9644-KVCNC,0.3302872001791326,Medium
2137-DQMEV,0.06124036185511061,Low
8174-LNWMW,0.05331298937541592,Low
9279-CJEOJ,0.8506738181026916,High
7964-VEXDG,0.7409735002062241,High
2404-JIBFC,0.07852292286409651,Low
0778-NELLA,0.6735231110552432,High
8029-XYPWT,0.14984173699093412,Low
4614-NUVZD,0.8863332686887386,High
4632-PAOYU,0.14926545857069695,Low
3803-KMQFW,0.46609757702695664,Medium
6804-GDMOI,0.31069028109600555,Medium
2990-OGYTD,0.07444128390849725,Low
6646-JPPHA,0.7341822801116296,High
9572-MTILT,0.460917381320224,Medium
7658-UYUQS,0.7613803506200809,High
7880-XSOJX,0.4430995238532561,Medium
9611-CTWIH,0.9035873206769727,High
4589-IUAJB,0.01439136822608272,Low
0329-GTIAJ,0.8533763206656304,High
8746-BFOAJ,0.16762322217137093,Low
8457-XIGKN,0.27009652887797064,Low
6072-NUQCB,0.14351031977134351,Low
6629-CZTTH,0.7183402257741894,High
8838-GPHZP,0.014857326715537938,Low
8750-QWZAJ,0.010514213048117662,Low
5364-EVNIB,0.7778188972117577,High
6918-UMQCG,0.8722888000216297,High
0675-NCDYU,0.13593399751555918,Low
6339-DKLMK,0.6337509424076171,High
1346-PJWTK,0.37722621562311287,Medium
5088-QZLRL,0.5529399093774373,Medium
8023-QHAIO,0.45632719037243674,Medium
4397-FRLTA,0.4363215229336335,Medium
3057-VJJQE,0.10907640522221665,Low
5087-SUURX,0.6782730939669164,High
2302-OUZXB,0.08047580314098383,Low
8133-ANHHJ,0.31245283799451007,Medium
2270-CHBFN,0.3761071047368112,Medium
0013-EXCHZ,0.8113207219278668,High
5982-FPVQN,0.7571347387257353,High
9107-UKCKY,0.27657847455781237,Low
4654-ULTTN,0.03778100161035096,Low
5550-VFRLC,0.879592678220737,High
5546-BYZSM,0.1816565638190049,Low
1492-KGETH,0.06619092737238347,Low
4929-BSTRX,0.7210145418661714,High
4163-HFTUK,0.06805091383669863,Low
8215-NGSPE,0.035763781608633395,Low
2225-ZRGSG,0.07029371623745063,Low
8859-YSTWS,0.052430013067810435,Low
5271-YNWVR,0.2065424003502273,Low
7601-DHFWZ,0.03547170367801058,Low
2657-ALMWY,0.7919246411624636,High
6330-JKLPC,0.768384039505765,High
4667-OHGKG,0.4716730240114447,Medium
1998-VHJHK,0.12491321218270966,Low
1707-HABPF,0.4003710707373758,Medium
1660-HSOOQ,0.6604152955961585,High
7253-UVNDW,0.059673749999774615,Low
0487-VVUVK,0.24188364912542523,Low
7228-OMTPN,0.9034877621209623,High
5063-IUOKK,0.11443059911041153,Low
4508-OEBEY,0.15057653156903875,Low
0027-KWYKW,0.8385563590803918,High
2308-STERM,0.4617271069345995,Medium
5982-XMDEX,0.017334649173062763,Low
6284-AHOOQ,0.7442221656676026,High
6051-PTVNS,0.03873897025742984,Low
2344-JMOGN,0.7165532385050108,High
3799-ISUZQ,0.7766364128699839,High
2877-VDUER,0.2124001033610843,Low
9152-AMKAK,0.22616196991581242,Low
1794-HBQTJ,0.5633750956407761,Medium
9432-VOFYX,0.7870530619709775,High
8049-WJCLQ,0.6353933916540516,High
6586-PSJOX,0.2774464579017189,Low
2460-FPSYH,0.4605574619373517,Medium
9705-ZJBCG,0.22194996357942035,Low
4818-DRBQT,0.6571335578994565,High
1320-HTRDR,0.8802822427415246,High
6847-KJLTS,0.6069638744458108,High
9670-BPNXF,0.07333182512136456,Low
3913-FCUUW,0.022414454594221714,Low
3301-VKTGC,0.16804658322244365,Low
1493-AMTIE,0.4546594197687533,Medium
9555-SAHUZ,0.30405093111228226,Medium
0816-TSPHQ,0.45475983006071796,Medium
9932-WBWIK,0.36325675125592893,Medium
4619-EVPHY,0.6881195762848175,High
5286-YHCVC,0.22025727362394404,Low
6424-ELEYH,0.8330570610318289,High
4391-RESHN,0.7781700830004237,High
9115-YQHGA,0.32740993038056404,Medium
4462-CYWMH,0.553614766485151,Medium
8963-MQVYN,0.33669566944504237,Medium
2458-EOMRE,0.5282115703546238,Medium
9334-GWGOW,0.883808757429563,High
6821-BUXUX,0.7940433798057259,High
5028-HTLJB,0.5067511379124789,Medium
9801-GDWGV,0.8000137540709229,High
6542-LWGXJ,0.6885747766508474,High
5567-GZKQY,0.017255471096074608,Low
1222-LRYKO,0.4708810280286312,Medium
2320-JRSDE,0.5562581598259398,Medium
2087-QAREY,0.4392195294609596,Medium
0601-WZHJF,0.7650899232716596,High
4423-JWZJN,0.34410314027418637,Medium
5143-WMWOG,0.5560370958598303,Medium
6490-FGZAT,0.41241319250308095,Medium
5393-RXQSZ,0.889012009326347,High
7452-FOLON,0.09486502123987141,Low
2320-TZRRH,0.16184401011331395,Low
0231-LXVAP,0.8111946639398129,High
9444-JTXHZ,0.8534758099708951,High
4942-VZZOM,0.10948864058730462,Low
5510-BOIUJ,0.4718961982921129,Medium
7502-BNYGS,0.3802901280002261,Medium
4291-HYEBC,0.42982723287875163,Medium
6147-CBCRA,0.183286477307207,Low
6047-SUHPR,0.16964457454549947,Low
4471-KXAUH,0.6205153678682449,High
9752-ZNQUT,0.7155087169048484,High
7638-QVMVY,0.8674483274374429,High
1576-PFZIW,0.15741673538232462,Low
5666-MBJPT,0.01787105476213267,Low
7312-XSBAT,0.6541705827364218,High
3096-GKWEB,0.8879868325817573,High
2371-JQHZZ,0.874177601805998,High
0674-GCDXG,0.0459409919687743,Low
1121-QSIVB,0.3057259677794437,Medium
4396-KLSEH,0.5237092645609145,Medium
3244-DCJWY,0.8614690553087352,High
2824-MYYBN,0.8195665754627157,High
0875-CABNR,0.8214441445451683,High
6345-HOVES,0.36508291661407033,Medium
8318-LCNBW,0.2547739915035845,Low
6469-QJKZW,0.5238653443837121,Medium
0147-ESWWR,0.7910751304200789,High
1217-VASWC,0.5070384317651335,Medium
7812-FZHPE,0.3669545991685768,Medium
6370-ZVHDV,0.020669141603143943,Low
5915-DGNVC,0.21584245686974668,Low
6260-XLACS,0.27765818051274166,Low
3566-CAAYU,0.0573814415349812,Low
4983-CCWMC,0.8060139557133086,High
9103-CXVOK,0.5569212177384434,Medium
2896-TBNBE,0.4279779187305657,Medium
4797-AXPXK,0.5286195317502815,Medium
5229-PRWKT,0.8881243426930941,High
6982-UQZLY,0.5031693099683348,Medium
2522-WLNSF,0.2315672945960385,Low
3841-CONLJ,0.8127363166120812,High
5057-LCOUI,0.5627880454233619,Medium
0193-ESZXP,0.26759059685204406,Low
4475-NVTLU,0.04496136604243728,Low
4369-HTUIF,0.773204482003652,High
9386-LDCZR,0.18901056661985888,Low
9585-KKMFD,0.03777998019946682,Low
5399-ZIMKF,0.8257467563031096,High
0336-KXKFK,0.03225412976405709,Low
5619-XZZKR,0.2746358390619088,Low
3948-FVVRP,0.47526657624173435,Medium
5327-XOKKY,0.10418688482410317,Low
0983-TATYJ,0.17747271416231553,Low
1813-JYWTO,0.08996207182905194,Low
0156-FVPTA,0.3858848951649938,Medium
1984-FCOWB,0.4060327468950684,Medium
0654-HMSHN,0.8610721629846065,High
6719-OXYBR,0.8288965908306626,High
3312-ZWLGF,0.7419810732353411,High
6476-YHMGA,0.5449173363316657,Medium
5287-QWLKY,0.4959366492546466,Medium
0795-XCCTE,0.01522398909176262,Low
0168-XZKBB,0.847952291493482,High
3785-NRHYR,0.47011112604577004,Medium
5196-SGOAK,0.8401380821358,High
4537-DKTAL,0.7327902268916471,High
7072-MBHEV,0.8177071382319163,High
5602-BVFMK,0.2138832438957581,Low
6297-NOOPG,0.2536504646955594,Low
1891-UAWWU,0.8673272147627917,High
8204-TIFGJ,0.2454729564231654,Low
8050-DVOJX,0.07225593320338554,Low
6108-OQZDQ,0.9106367038150854,High
0363-QJVFX,0.6137133875821628,High
8903-XEBGX,0.7786643901851517,High
8169-SAEJD,0.049327914322199386,Low
9840-DVNDC,0.8149533210867521,High
1089-XZWHH,0.07486111574370022,Low
2325-WINES,0.6137773404029121,High
6064-ZATLR,0.09807796579810402,Low
3096-JRDSO,0.7052871846688872,High
7824-PANSQ,0.40648518180058624,Medium
8042-JVNFH,0.8111772476549789,High
9648-BCHKM,0.11357474563998118,Low
2888-ADFAO,0.02762203096407147,Low
8707-HOEDG,0.2521668038743038,Low
3374-LXDEV,0.7629848487792201,High
4072-IPYLT,0.25737991332437765,Low
7167-PCEYD,0.012550613610749346,Low
4936-YPJNK,0.3753316657026669,Medium
1580-BMCMR,0.7765149108823517,High
4817-KEQSP,0.009916262600542394,Low
6408-WHTEF,0.04778616206828297,Low
9251-AWQGT,0.027789128425927612,Low
8749-CLJXC,0.4683268181275146,Medium
7989-VCQOH,0.5379488362190415,Medium
5049-GLYVG,0.4658747258905634,Medium
4199-QHJNM,0.22221306206638552,Low
8882-TLVRW,0.018588537921740977,Low
5883-GTGVD,0.8709697962766025,High
5135-GRQJV,0.16066329602239,Low
2384-OVPSA,0.04848725923531415,Low
1371-WEPDS,0.3459948261231386,Medium
3580-GICBM,0.02168103546715994,Low
4817-QRJSX,0.7720116933256749,High
9730-DRTMJ,0.19486330275653244,Low
4686-UXDML,0.8064456946443386,High
3349-ANQNH,0.6060327481297486,High
2398-YPMUR,0.831905026879227,High
0932-YIXYU,0.028049532363802872,Low
7480-SPLEF,0.014834866338085062,Low
7636-XUHWW,0.4449055568213428,Medium
1431-CYWMH,0.25793695283927304,Low
5937-EORGB,0.8256783768061012,High
6349-JDHQP,0.021536510495945252,Low
5539-HIVAK,0.2955025503587448,Low
5847-MXBEO,0.14958797840554244,Low
9985-MWVIX,0.8144473329235237,High
4583-PARNH,0.8016135618360273,High
1116-FRYVH,0.03674342990083851,Low
1421-HCERK,0.5800436286691116,Medium
9633-XQABV,0.8541415416607994,High
0716-BQNDX,0.2378090004390026,Low
1265-XTECC,0.2617292269946309,Low
1183-CANVH,0.27632647281564615,Low
1972-XMUWV,0.04276581238628244,Low
8679-LZBMD,0.4914408374950449,Medium
3407-JMJQQ,0.16977149994234964,Low
6252-DFGTK,0.13103497822208834,Low
1539-LNKHM,0.3547411528253258,Medium
8645-KOMJQ,0.06922278301756406,Low
0289-IVARM,0.3153241591389452,Medium
9761-XUJWD,0.5591439546882645,Medium
4057-FKCZK,0.23935008610903327,Low
4291-TPNFG,0.03243380691007296,Low
6087-YPWHO,0.02280745517241801,Low
3090-QFUVD,0.45404907398576294,Medium
2237-ZFSMY,0.3709197149199966,Medium
1722-LDZJS,0.04223513677255107,Low
1818-ESQMW,0.7206180077310266,High
4871-JTKJF,0.87997155083826,High
1415-YFWLT,0.9210121819899273,High
7401-RUBNK,0.7113752320516664,High
0506-YLVKJ,0.030225850509859244,Low
8661-BOYNW,0.05004281065782823,Low
6711-VTNRE,0.6686611139747143,High
4815-GBTCD,0.7499754264110318,High
2805-AUFQN,0.06785012389703943,Low
0980-PVMRC,0.5242690361226335,Medium
7233-DRTRF,0.6897308889299515,High
3500-RMZLT,0.6565781208168804,High
3873-NFTGI,0.5647577358161193,Medium
1162-ECVII,0.20264331046057155,Low
7048-GXDAY,0.7244570499124638,High
8571-ZCMCX,0.08696162952558585,Low
1169-WCVAK,0.5581478346695621,Medium
4548-SDBKE,0.8979635850006379,High
8066-POXGX,0.7289073825043777,High
7129-CAKJW,0.7563214498115771,High
8695-ARGXZ,0.7612992627333505,High
3570-YUEKJ,0.35634451917979704,Medium
4143-OOBWZ,0.8540795551404827,High
1555-HAPSU,0.013640614947894491,Low
1697-NVVGY,0.4850927894878388,Medium
7854-EKTJL,0.546804830409575,Medium
8464-EETCQ,0.018416838214243173,Low
2419-FSORS,0.24190741660029513,Low
8132-YPVBX,0.8025503273419292,High
9102-IAYHT,0.8628660291144121,High
6754-LZUKA,0.11131278889290727,Low
3422-LYEPQ,0.8598581335623284,High
8099-MZPUJ,0.21444701816921893,Low
0787-LHDYT,0.30374343386919034,Medium
2642-DTVCO,0.9025946659700524,High
0374-IOEGQ,0.7285260804756867,High
4361-JEIVL,0.7442529359096429,High
3197-NNYNB,0.24604988031729533,Low
3396-DKDEL,0.14242370276844474,Low
1752-OZXFY,0.09605264463341925,Low
9066-QRSDU,0.042755296762520725,Low
9112-WSNPU,0.7062556284075932,High
9867-NNXLC,0.26520606164500626,Low
5321-NTRKC,0.09716618959102324,Low
1363-TXLSL,0.878736439739494,High
9507-EXLTT,0.8398935059653868,High
3161-GETRM,0.7201357099010413,High
0402-OAMEN,0.013027308274392581,Low
6933-VLYFX,0.2908538988273443,Low
6754-WKSHP,0.13233699524670048,Low
9846-GKXAS,0.8388843055421539,High
6017-PPLPX,0.7736010566848031,High
4976-LNFVV,0.5124402554713589,Medium
5055-MGMGF,0.6208050037919379,High
4641-FROLU,0.05917828237251969,Low
2862-JVEOY,0.26137076669636977,Low
2969-QWUBZ,0.8117562182503646,High
9822-BIIGN,0.2835307434431819,Low
2077-MPJQO,0.883833020787284,High
1534-OULXE,0.06406837375870862,Low
7136-RVDTZ,0.19126343092847864,Low
2971-SGAFL,0.7172365320332501,High
1480-IVEVR,0.5024333833873185,Medium
2905-KFQUV,0.8010173966947896,High
4581-SSPWD,0.8802874398700382,High
3370-HXOPH,0.8799683025788599,High
9391-YZEJW,0.441102723563286,Medium
9958-MEKUC,0.09637811177388698,Low
0281-CNTZX,0.014084898820714207,Low
6927-WTFIV,0.7204347169283367,High
4118-CEVPF,0.46015315511072563,Medium
3398-ZOUAA,0.795896631823959,High
9114-VEPUF,0.3495300314688743,Medium
7876-BEUTG,0.6102571315072264,High
2338-BQEZT,0.15090924612586668,Low
9873-MNDKV,0.5827826113289504,Medium
0378-NHQXU,0.8589242615502984,High
8241-JUIQO,0.03148259091185778,Low
2194-IIQOF,0.0477168256537236,Low
4512-ZUIYL,0.8022175673676817,High
9631-RXVJM,0.04812664604681325,Low
9584-EXCDZ,0.711231655213617,High
7969-AULMZ,0.8779668053665451,High
5093-FEGLU,0.027735962921308328,Low
2621-UDNLU,0.44413488058460776,Medium
7526-IVLYU,0.4493178485385703,Medium
2428-HYUNX,0.03651142110807009,Low
9214-EKVXR,0.6737490646432386,High
3410-MHHUM,0.5667746645926919,Medium
0568-ONFPC,0.46899654196159174,Medium
0733-VUNUW,0.41548978348812327,Medium
4550-EVXNY,0.8627465794524666,High
2122-YWVYA,0.7065922074634183,High
2968-SSGAA,0.9044006912973466,High
2296-DKZFP,0.03704420457212291,Low
4844-JJWUY,0.8858720690187446,High
6777-TGHTM,0.4167191412393416,Medium
8909-BOLNL,0.2788308717327551,Low
6603-YRDCJ,0.05980223197182811,Low
3538-WZPHD,0.7290561331141903,High
3229-USWAR,0.19457224041004464,Low
2138-VFAPZ,0.10979200951637011,Low
6131-JLWZM,0.3448770406937186,Medium
4785-QRJHC,0.20197561777729087,Low
0269-XFESX,0.1794576118843821,Low
1709-EJDOX,0.02929634640236828,Low
4316-XCSLJ,0.4241993923208608,Medium
8610-WFCJF,0.7783374632605516,High
9693-XMUOB,0.39480489134990426,Medium
0383-CLDDA,0.05406113951445209,Low
4905-JEFDW,0.5674032994032118,Medium
2709-UQGNP,0.48265884112614477,Medium
3549-ZTMNH,0.14149030412902813,Low
7881-INRLC,0.7039110357692048,High
8033-ATFAS,0.39568565709255915,Medium
1635-NZATJ,0.0158554173686695,Low
0562-HKHML,0.013534458671632327,Low
8277-RVRSV,0.12087996164277727,Low
9943-VSZUV,0.4542514016057592,Medium
0117-LFRMW,0.23034700249137183,Low
6172-FECYY,0.7157982396655347,High
7054-ENNGU,0.5607188838086365,Medium
1455-HFBXA,0.11507362439491563,Low
9402-CXWPL,0.46522335591016584,Medium
1628-BIZYP,0.8713888396411626,High
1965-AKTSX,0.8437256771117893,High
0082-LDZUE,0.6725668532932966,High
4786-UKSNZ,0.4676579089541269,Medium
5343-SGUBI,0.3403173777912992,Medium
0856-NAOES,0.6679870636780298,High
1976-AZZPJ,0.5177232904779434,Medium
7248-VZQLC,0.5672673541617186,Medium
6156-UZDLF,0.2961699122429778,Low
3099-OONVS,0.35965061618967953,Medium
9500-WBGRP,0.011477111178224898,Low
5183-KLYEM,0.1349147256768567,Low
5144-PQCDZ,0.4358873083459216,Medium
8514-VZHEB,0.017665655637157288,Low
6625-IUTTT,0.0396262434283837,Low
9355-NPPFS,0.8151411502605557,High
0068-FIGTF,0.2929202532409604,Low
5965-GGPRW,0.18141632357637447,Low
8035-PWSEV,0.8220141373841091,High
2236-HILPA,0.014510691826648086,Low
1840-BIUOG,0.4236115669695972,Medium
1356-MKYSK,0.538991643150939,Medium
6080-LNESI,0.03249302078099561,Low
1830-IPXVJ,0.015750751558632713,Low
5828-DWPIL,0.4784246838073547,Medium
8398-TBIYD,0.07148246248717038,Low
0011-IGKFF,0.8753834208120699,High
4192-GORJT,0.8955887298052065,High
6496-SLWHQ,0.9180780305317843,High
9912-GVSEQ,0.830104524900617,High
2931-FSOHN,0.7026365558441574,High
9418-RUKPH,0.04222044057938134,Low
5383-MMTWC,0.9058573731994017,High
9971-ZWPBF,0.7907410559753865,High
4712-AUQZO,0.4350302870018132,Medium
9711-FJTBX,0.19801468116082582,Low
2908-ZTPNF,0.2542909952098515,Low
7240-ETPTR,0.7966710256552536,High
2202-CUYXZ,0.8810651055703421,High
5995-OIGLP,0.3787471489501023,Medium
8421-WZOOW,0.4401851420267922,Medium
6261-RCVNS,0.11288240852618103,Low
7951-QKZPL,0.06613954280941073,Low
1414-YADCW,0.04899200000621068,Low
8756-RDDLT,0.17455470759547134,Low
2862-PFNIK,0.7741266636572619,High
5816-QVHRX,0.6896951910221426,High
4430-YHXGG,0.49312875211921336,Medium
6888-SBYAI,0.5671522102112008,Medium
7395-XWZOY,0.3523183138164088,Medium
7169-YWAMK,0.022422440194084042,Low
3640-PHQXK,0.8069415692266104,High
6877-LGWXO,0.8507180115508846,High
6859-RKMZJ,0.6266264974290808,High
2729-VNVAP,0.04920866030159815,Low
2957-JIRMN,0.47546027134528135,Medium
2049-BAFNW,0.6114918315680812,High
3842-QTGDL,0.5963501578555914,Medium
7163-OCEQI,0.41403528989903443,Medium
9782-LGXMC,0.13776524963686235,Low
5975-BAICR,0.1880587546008708,Low
8019-ENHXU,0.6647268952828185,High
5167-GBFRE,0.7004643510577652,High
9033-EOXWV,0.4991628629929819,Medium
4673-KKSLS,0.5263367537882553,Medium
4853-OITSN,0.8557431043720519,High
9800-OUIGR,0.012598827697691686,Low
1324-NLTJE,0.543948555253125,Medium
2324-EFHVG,0.25991874364284023,Low
7094-MSZAO,0.36330548317801814,Medium
1522-VVDMG,0.796221174093055,High
6907-CQGPN,0.40371756831936456,Medium
0780-XNZFN,0.017949344120906437,Low
0239-OXEXL,0.45793618635406724,Medium
2675-IJRGJ,0.02130613355457885,Low
7049-GKVZY,0.2655637448307765,Low
8577-QSOCG,0.04194869959190838,Low
3721-CNZHX,0.19220697684458768,Low
0212-ISBBF,0.6798668254785493,High
9185-TQCVP,0.8720529352025812,High
3585-YNADK,0.1315666676551185,Low
5271-DBYSJ,0.8218080822869409,High
1099-GODLO,0.17584270875637376,Low
6828-HMKWP,0.11146496801433238,Low
5567-WSELE,0.9328522758318445,High
1472-TNCWL,0.7716011451982129,High
8063-RJYNF,0.8129504909790739,High
0687-ZVTHB,0.09924000099641023,Low
2080-GKCWQ,0.8378098869075382,High
9661-ACXBS,0.7380664448696469,High
2193-SFWQW,0.09958826314460394,Low
5656-JAMLX,0.01483869115097706,Low
3462-BJQQA,0.8798717050279905,High
0442-TDYUO,0.02834737673771636,Low
6733-LRIZX,0.3860878166580559,Medium
9503-XJUME,0.043349066301162746,Low
4367-NHWMM,0.7064103851187434,High
3727-RJMEO,0.8972672714027038,High
3779-OSWCF,0.04568695786292193,Low
6736-DHUQI,0.13653633050064812,Low
3915-ODIYG,0.18220833102373693,Low
1360-RCYRT,0.39235348292358796,Medium
2724-FJDYW,0.23692067874691214,Low
4451-RWASJ,0.19090499258815108,Low
6646-VRFOL,0.7671771668416424,High
3460-TJBWI,0.09564517184064783,Low
5917-HBSDW,0.21138712916308716,Low
5685-IIXLY,0.8603935686973867,High
5671-UUNXD,0.5924700714358048,Medium
0956-ACVZC,0.4268023517865264,Medium
2325-NBPZG,0.7950147311058615,High
4250-ZBWLV,0.4076832377410284,Medium
4482-FTFFX,0.6206515795372675,High
8859-DZTGQ,0.05176553867939609,Low
0440-MOGPM,0.40461317655672147,Medium
0020-JDNXP,0.2017602383007986,Low
3752-CQSJI,0.3432564946266682,Medium
5025-GOOKI,0.27224532625737174,Low
4698-KVLLG,0.027089392001137576,Low
5095-AESKG,0.8397908745008693,High
2887-JPYLU,0.299945246087449,Low
4770-QAZXN,0.3343764726525929,Medium
4896-CPRPF,0.05751376377995842,Low
1871-MOWRM,0.5699708609614023,Medium
9714-EDSUC,0.6677069798218995,High
2027-OAQQC,0.42712290704923234,Medium
0282-NVSJS,0.558863233265121,Medium
9090-SGQXL,0.7000456659574961,High
6595-YGXIT,0.8370647320166482,High
7353-YOWFP,0.24883376255036652,Low
9835-ZIITK,0.4745810660561112,Medium
8008-ESFLK,0.3428209987212422,Medium
7537-CBQUZ,0.5532567812318105,Medium
1555-DJEQW,0.1312751423426194,Low
5649-TJHOV,0.5452022397989826,Medium
0519-XUZJU,0.8128177867979227,High
3363-EWLGO,0.42697983718618193,Medium
4750-UKWJK,0.09767965952716563,Low
6338-AVWCY,0.7244407486101296,High
1689-YQBYY,0.8449004652981337,High
4487-ZYJZK,0.0780130224555135,Low
2959-FENLU,0.8003853364932146,High
0708-LGSMF,0.6700065328651342,High
9253-QXKBE,0.8718344361117986,High
7634-HLQJR,0.028072120016430085,Low
0487-RPVUM,0.37393179763584106,Medium
4079-ULGFR,0.3148972348191984,Medium
2516-XSJKX,0.11463715233412461,Low
0057-QBUQH,0.06247482988564305,Low
9445-SZLCH,0.6682968511880528,High
6599-SFQVE,0.7548338368020691,High
8331-ZXFOE,0.06807321464454025,Low
4003-FUSHP,0.46450571217888437,Medium
0356-ERHVT,0.567053207155747,Medium
7325-ENZFI,0.09208000868044294,Low
4884-ZTHVF,0.8591935412909208,High
3920-HIHMQ,0.508619679664662,Medium
3055-OYMSE,0.4590303436365202,Medium
0613-WUXUM,0.011245983061928084,Low
7568-PODML,0.7906088034133784,High
4458-KVRBJ,0.02375708462942211,Low
5349-IECLD,0.9014067674707075,High
1397-XKKWR,0.36570077615441565,Medium
3945-GFWQL,0.65495788401594,High
8097-OMULG,0.13145563739757077,Low
6013-BHCAW,0.09382705390825753,Low
0401-WDBXM,0.17848745015703046,Low
3387-PLKUI,0.34987151163063235,Medium
6096-EGVTU,0.03790904902590736,Low
3797-VTIDR,0.7780173931129645,High
5081-NWSUP,0.360290759643043,Medium
2580-ATZSQ,0.051384567098503,Low
8085-MSNLK,0.16326773331560587,Low
9691-HKOVS,0.18698038186721053,Low
9881-VCZEP,0.5745846173414617,Medium
9526-BIHHD,0.6123247923188645,High
8757-TFHHJ,0.5580811198724004,Medium
4523-WXCEF,0.7074936254152988,High
1468-DEFNC,0.021236470005322097,Low
5119-KEPFY,0.7666427888599172,High
8364-TRMMK,0.7022815601079475,High
0916-KNFAJ,0.06685532875831252,Low
8319-QBEHW,0.30981422962138006,Medium
3063-QFSZL,0.784448698550538,High
8775-LHDJH,0.9060516569666082,High
9625-QNLUX,0.1427470843666318,Low
3097-NQYSN,0.8830671215178176,High
4024-CSNBY,0.06755522995654938,Low
7110-BDTWG,0.047625499757756484,Low
7493-GVFIO,0.01845520422245424,Low
0690-SRQID,0.4376608109233547,Medium
9605-WGJVW,0.878927167388588,High
9114-DPSIA,0.03161765501537756,Low
4700-UBQMV,0.393029866379365,Medium
7711-GQBZC,0.013878970493152041,Low
3565-UNOCC,0.822948547246705,High
4627-MIHJH,0.167711838382906,Low
9795-NREXC,0.062469273949685794,Low
8573-CGOCC,0.3054080353912205,Medium
7356-AYNJP,0.41055847750115254,Medium
9249-FXSCK,0.32749089003062987,Medium
5493-SDRDQ,0.5493284167396654,Medium
6286-SUUWT,0.4687728209741444,Medium
4819-HJPIW,0.5423699897746307,Medium
8654-DHAOW,0.6814707625115207,High
5438-QMDDL,0.5433055391177987,Medium
9812-GHVRI,0.6958406426199792,High
5553-AOINX,0.5365538559420809,Medium
1228-ZLNBX,0.7483181793161966,High
4226-KKDON,0.620894547852049,High
3831-YCPUO,0.10009969459976643,Low
7445-WMRBW,0.16546016383617118,Low
3308-DGHKL,0.011277885974930143,Low
9924-JPRMC,0.18571122173505294,Low
0080-EMYVY,0.3285860281456379,Medium
6218-KNUBD,0.7214473732385212,High
7337-CINUD,0.1322230763801125,Low
7609-NRNCA,0.17793542620164535,Low
0623-EJQEG,0.28915639877438065,Low
7153-CHRBV,0.058656156235160364,Low
0871-URUWO,0.8502615713638527,High
9190-MFJLN,0.8157665020628373,High
6198-PNNSZ,0.370539841981705,Medium
3317-VLGQT,0.8479590932648078,High
4132-POCZS,0.28249665535901886,Low
5614-DNZCE,0.02573446892599174,Low
1095-JUDTC,0.6669832273437233,High
3896-RCYYE,0.18995278973007348,Low
9638-JIQYA,0.686382618745505,High
3258-SANFR,0.6519701161802253,High
3726-TBHQT,0.13744533609865,Low
3190-ITQXP,0.028543421090537688,Low
0870-VEMYL,0.4373307512412921,Medium
4833-QTJNO,0.33705544424861217,Medium
3039-MJSLN,0.43303039229577006,Medium
0178-CIIKR,0.44742649654831923,Medium
5385-SUIRI,0.7284110615522782,High
3982-XWFZQ,0.45469934861390615,Medium
5774-QPLTF,0.049384228751976046,Low
2322-VCZHZ,0.7350088030163451,High
5010-IPEAQ,0.024268236490316963,Low
4009-ALQFH,0.8092443369814613,High
6383-ZTSIW,0.4570923999621507,Medium
8990-YOZLV,0.024502402726117235,Low
3069-SSVSN,0.5363680970096413,Medium
5222-IMUKT,0.8030724479090346,High
3627-FCRDW,0.8272172751399933,High
7562-GSUHK,0.7339101685180461,High
6685-XSHHU,0.016019956606670226,Low
8901-UPRHR,0.1735108345853826,Low
4903-UYAVB,0.43050341154186467,Medium
0118-JPNOY,0.6533030603342909,High
6776-TLWOI,0.4482204545824453,Medium
3845-FXCYS,0.5463342124002046,Medium
5857-XRECV,0.2797348957188559,Low
0725-CXOTM,0.22549978105808804,Low
4343-EJVQB,0.7077881879894168,High
9000-PLFUZ,0.09157119220287929,Low
3427-GGZZI,0.8381420359025389,High
7779-ORAEL,0.0906945368827522,Low
0644-OQMDK,0.8676928367871591,High
4077-CROMM,0.8007643914168852,High
3154-CFSZG,0.5741610561747658,Medium
2868-MZAGQ,0.8896290471169662,High
4847-QNOKA,0.658531824982921,High
2220-IAHLS,0.4580478827662214,Medium
1658-XUHBX,0.6050836896938637,High
6379-RXJRQ,0.8223758255354912,High
2378-HTWFW,0.66294622593611,High
8650-RHRKE,0.7430788483077972,High
4377-VDHYI,0.4816127404255421,Medium
0475-RIJEP,0.6616810945263842,High
1260-TTRXI,0.7685954548712368,High
3719-TDVQB,0.025479234428917193,Low
6328-ZPBGN,0.880345669922178,High
0201-MIBOL,0.2136672703493133,Low
4937-QPZPO,0.5622825670757895,Medium
2925-VDZHY,0.04716873783658525,Low
6981-TDRFT,0.27573175682674106,Low
3413-CSSTH,0.35720739711510896,Medium
8033-VCZGH,0.5359726270311433,Medium
4789-KWMXN,0.3770858224040601,Medium
0224-NIJLP,0.13709866576574564,Low
7542-CYDDM,0.2984525034098828,Low
4718-WXBGI,0.04563508065165981,Low
2867-UIMSS,0.887411464103946,High
8495-PRWFH,0.4905034527091215,Medium
0439-IFYUN,0.7843840451292581,High
5716-LIBJC,0.7116654785865221,High
2868-LLSKM,0.18365776104678755,Low
8111-RKSPX,0.8352787852757757,High
2988-QRAJY,0.17333840255723434,Low
1585-MQSSU,0.4379579146494778,Medium
0071-NDAFP,0.08583500769462706,Low
2856-NNASM,0.7169020004266085,High
7328-ZJAJO,0.017034658699177484,Low
6458-CYIDZ,0.7795694475072001,High
8559-CIZFV,0.23956642854243326,Low
1090-PYKCI,0.18150752572398746,Low
3058-WQDRE,0.5797980400852268,Medium
7547-EKNFS,0.637199446187224,High
2279-AXJJK,0.5103141577579604,Medium
6769-DYBQN,0.6258219344556323,High
0909-SELIE,0.04353219355977345,Low
3417-TSCIC,0.2706775249951539,Low
1042-HFUCW,0.1906667212109793,Low
4439-JMPMT,0.8278849325736641,High
6537-OTKMY,0.5948952859695545,Medium
8999-EXMNO,0.09031005976602507,Low
6725-TPKJO,0.032706284315454796,Low
2446-BEGGB,0.9178385167987352,High
7162-WPHPM,0.03429959570489443,Low
1599-MMYRQ,0.15167798675567837,Low
8821-KVZKQ,0.08679610144130673,Low
1496-GGSUK,0.7344957644004143,High
6434-TTGJP,0.16252492873624352,Low
0042-JVWOJ,0.1227752812488363,Low
0130-SXOUN,0.48847712453460723,Medium
2575-GFSOE,0.8403779623799102,High
2330-PQGDQ,0.2674251902768631,Low
1452-UZOSF,0.09147513293500063,Low
2097-YVPKN,0.01832478368221234,Low
2842-JTCCU,0.6448369315168765,High
8597-CTXVJ,0.04493432351127704,Low
6631-HMANX,0.06474758549959891,Low
9962-BFPDU,0.4683268181275146,Medium
3296-SILRA,0.8100632850026012,High
9681-OXGVC,0.9143251335115967,High
6394-HHHZM,0.44404183027356775,Medium
5995-LFTLE,0.02331866978634481,Low
5180-UCIIQ,0.5093079889786795,Medium
1932-UEDCX,0.7817755339090533,High
7153-OANIO,0.8621090602286879,High
5188-HGMLP,0.5406773829118657,Medium
0665-XHDJU,0.3006222899096676,Medium
6521-YYTYI,0.9279360248202888,High
8878-HMWBV,0.7222676311019528,High
8265-HKSOW,0.09350665913984905,Low
3544-FBCAS,0.05949994300424652,Low
5331-RGMTT,0.7025311206670253,High
4759-PXTAN,0.22621181462365067,Low
7054-DMVAS,0.052663234569020834,Low
3428-MMGUB,0.29975774952950707,Low
6549-BTYPG,0.06105281953063637,Low
7823-JSOAG,0.8821092551009055,High
3705-RHRFR,0.18954481582458083,Low
9374-YOLBJ,0.5591299334400928,Medium
9074-KGVOX,0.22129523754058844,Low
6128-DAFVY,0.31717714805770914,Medium
9933-QRGTX,0.1892876315712917,Low
4476-OSWTN,0.30434642625403263,Medium
3751-KTZEL,0.7533998646689832,High
1977-STDKI,0.8654698578019653,High
5066-GFJMM,0.44700400532505685,Medium
2661-GKBTK,0.06439559107159867,Low
0458-HEUZG,0.19369918289992624,Low
7268-WNTCP,0.014816119134951474,Low
0824-VWDPO,0.3616848308818458,Medium
8409-WQJUX,0.4352229416504419,Medium
2578-JQPHZ,0.26039881429482226,Low
3278-FSIXX,0.6596914935220953,High
5813-UECBU,0.6650492291754021,High
0328-GRPMV,0.8617893688110024,High
9746-UGFAC,0.14120261541051005,Low
2946-KIQSP,0.29759384849654247,Low
0625-AFOHS,0.06037742849401133,Low
6726-WEXXK,0.561875402221854,Medium
4636-OLWOE,0.11415905183603198,Low
4342-HENTK,0.8746258769766894,High
4685-ERGHK,0.4836445430854972,Medium
0885-HMGPY,0.029774404088110103,Low
5003-OKNNK,0.18362290870843767,Low
4195-SMMNX,0.45597541873692565,Medium
7208-PSIHR,0.1948215281527057,Low
4012-ZTHBR,0.5757203282914087,Medium
0489-WMEMG,0.30723938359238995,Medium
7435-ZNUYY,0.2560117673571064,Low
1354-YZFNB,0.15263258344365566,Low
6956-SMUCM,0.7986256174068455,High
2985-FMWYF,0.8804158558728433,High
2812-ENYMO,0.24859889462200505,Low
2717-HVIZY,0.39516385818506944,Medium
3223-WZWJM,0.8340029681354846,High
3422-GALYP,0.8680463631489319,High
9053-JZFKV,0.14437738871125547,Low
2530-ENDWQ,0.23590119541491322,Low
2890-WFBHU,0.09130832152737198,Low
0327-WFZSY,0.6836058787282725,High
7977-HXJKU,0.08378270252590242,Low
6615-ZGEDR,0.46988804482760216,Medium
7033-CLAMM,0.026821512935188897,Low
4023-RTIQM,0.22753671348412577,Low
0864-FVJNJ,0.354528642078694,Medium
7356-IWLFW,0.5434842314758677,Medium
9541-PWTWO,0.11901875443038519,Low
3967-VQOGC,0.017052108485136833,Low
7872-RDDLZ,0.2622199433020445,Low
9250-WYPLL,0.8744935156225231,High
6308-CQRBU,0.24729108895544455,Low
2754-XBHTB,0.8095773658190322,High
1597-LHYNC,0.7710267160163001,High
0186-CAERR,0.2400220901528564,Low
3043-SUDUA,0.18075140932416678,Low
5442-BHQNG,0.8573437073618843,High
2169-RRLFW,0.013873568693182313,Low
5872-OEQNH,0.12960669873463507,Low
3162-KKZXO,0.6235419209352827,High
7055-VKGDA,0.2514887682158913,Low
0754-UKWQP,0.9003236928173447,High
8873-GLDMH,0.8281018489545021,High
5696-JVVQY,0.06373133240789218,Low
8946-BFWSG,0.019932694481499508,Low
7493-TPUWZ,0.8723840692709295,High
0547-HURJB,0.33858574378196665,Medium
8904-OPDCK,0.22624598818967956,Low
8845-LWKGE,0.31132700630533,Medium
1577-HKTFG,0.19765502732583015,Low
8752-STIVR,0.8779166339553717,High
0691-NIKRI,0.5126106037919712,Medium
5022-JNQEQ,0.7692753772545514,High
4558-FANTW,0.6891256836509836,High
3249-VHRIP,0.056004674646131965,Low
3736-BLEPA,0.40850368262664843,Medium
4701-LKOZD,0.04930111229222679,Low
6603-QWSPR,0.2360660571661819,Low
9921-QFQUL,0.7840452506028979,High
1929-ZCBHE,0.10758979313803213,Low
4378-MYPGO,0.14098235735419706,Low
8651-ENBZX,0.5287071438569444,Medium
4129-LYCOI,0.2662743827976663,Low
7798-JVXYM,0.6755449927399245,High
8647-SDTWQ,0.5710732031842708,Medium
2696-ECXKC,0.4059287354046396,Medium
2081-KJSQF,0.4674349649420165,Medium
7623-TRNQN,0.5868501859419303,Medium
3323-CPBWR,0.696124675469121,High
9330-IJWIO,0.8579187286052158,High
3384-CTMSF,0.7758462429046555,High
0902-RFHOF,0.08070702660322072,Low
9286-DOJGF,0.6625873117021146,High
6048-QBXKL,0.6945482056223715,High
9661-MHUMO,0.6138410056250089,High
7718-RXDGG,0.7345374044161253,High
1025-FALIX,0.6552493936406862,High
3451-VAWLI,0.04589019343871993,Low
3407-QGWLG,0.4478994889534918,Medium
1842-EZJMK,0.6866039654301954,High
2347-WKKAE,0.6800257265107733,High
8735-DCXNF,0.3914371343200676,Medium
3214-IYUUQ,0.17416827748052283,Low
1936-UAFEH,0.13461656936916044,Low
3587-PMCOY,0.7117660817076702,High
8079-XRJRS,0.2542332169176671,Low
1027-LKKQQ,0.037660176291753604,Low
7148-XZPHA,0.4184688549672884,Medium
8073-IJDCM,0.46721203393321853,Medium
5309-TAIKL,0.5800247448995286,Medium
6856-RAURS,0.8435426902868669,High
8778-LMWTJ,0.7629494560811367,High
9717-IOAAF,0.08074013188832266,Low
8884-ADFVN,0.9198992878842871,High
2845-KDHVX,0.045443597959299926,Low
0848-SOMKO,0.024791223906801337,Low
2720-WGKHP,0.9351360248843991,High
6734-FQAJX,0.18091836213816404,Low
2869-ADAWR,0.6225379032214238,High
1535-VTJOQ,0.08877018293615507,Low
6368-TZZDT,0.15352643696622423,Low
0943-ZQPXH,0.6708981339596638,High
1293-BSEUN,0.0101460194272501,Low
9894-EZEWG,0.7826509520279757,High
1302-TPUBN,0.012400991635487755,Low
7851-FLGGQ,0.6469480993162373,High
0637-UBJRP,0.7887111255322228,High
0940-OUQEC,0.7719876851638946,High
2378-VTKDH,0.7009814574230993,High
0927-CNGRH,0.47055732422177543,Medium
8608-OZTLB,0.17154975678469844,Low
2335-GSODA,0.09709334022552629,Low
1952-DVVSW,0.22591604111021937,Low
0702-PGIBZ,0.9045822088001535,High
6656-GULJQ,0.05074787179958777,Low
9853-JFZDU,0.32982309182697855,Medium
1963-VAUKV,0.4667662112785415,Medium
3777-XROBG,0.017298324021156577,Low
6994-FGRHH,0.33470181381240377,Medium
4000-VGMQP,0.3307213323248558,Medium
3999-WRNGR,0.35350735081896406,Medium
3466-RITXD,0.6564475336736932,High
2680-XKKNJ,0.22924318440466,Low
3058-HJCUY,0.6085550534043787,High
2974-GGUXS,0.706184573652637,High
7994-XIRTR,0.1381683536281653,Low
3259-FDWOY,0.23420576779023786,Low
2101-RANCD,0.6056643270501695,High
7921-BEPCI,0.0280223101228596,Low
0807-ZABDG,0.462570971749422,Medium
8510-TMWYB,0.07300256952844007,Low
3258-ZKPAI,0.1305198997703968,Low
1428-IEDPR,0.28781683478761416,Low
5298-GSTLM,0.4089704988685676,Medium
4450-YOOHP,0.4572344137493129,Medium
6728-CZFEI,0.42941066281671636,Medium
5748-RNCJT,0.20139976094016632,Low
3653-NCRDJ,0.06648817401024945,Low
6121-TNHBO,0.08978466183653756,Low
5119-NZPTV,0.8756986308310737,High
6519-ZHPXP,0.09875714009439855,Low
7739-LAXOG,0.7293614021437826,High
3472-QPRCH,0.048032101520303905,Low
8224-UAXBZ,0.11778039785517339,Low
9610-WCESF,0.03965329460183212,Low
9776-CLUJA,0.5706460637056788,Medium
2486-WYVVE,0.3526201192730758,Medium
3865-ZYKAD,0.3212035829896981,Medium
1422-DGUBX,0.5226222558746572,Medium
2999-AANRQ,0.10578585031013868,Low
8668-KNZTI,0.12738811781144696,Low
0480-KYJVA,0.013274546273387684,Low
6034-ZRYCV,0.08053182742705885,Low
9746-YKGXB,0.1157747982966333,Low
3926-YZVVX,0.13246550864605494,Low
6000-UKLWI,0.03708626444357695,Low
2079-FBMZK,0.7915865863697457,High
6332-FBZRI,0.05054933974817276,Low
2096-XOTMO,0.3174535877839518,Medium
3266-FTKHB,0.09911905316378065,Low
8221-EQDGL,0.2493463361000953,Low
2346-LOCWC,0.01741154520669176,Low
6608-QQLVK,0.7310756108064399,High
0298-XACET,0.05974476000851467,Low
7560-QJAVJ,0.03936474359658071,Low
2995-YWTCD,0.10847264043560846,Low
3551-HUAZH,0.9030712466576332,High
9137-UIYPG,0.6465076102774612,High
2809-ZMYOQ,0.8434005615679985,High
5084-OOVCJ,0.33117121829771246,Medium
0254-WWRKD,0.06815635873852995,Low
7727-SHVZV,0.37334506095109316,Medium
6302-JGYRJ,0.33182372112309455,Medium
5339-PXDVH,0.8538756177556555,High
2205-LPVGL,0.1908795780288732,Low
8782-NUUOL,0.10603062276880601,Low
3685-YLCMQ,0.5080813964514489,Medium
7601-WFVZV,0.47055732422177543,Medium
4609-KNNWG,0.06616445141176386,Low
4868-AADLV,0.3880577270292664,Medium
9529-OFXHY,0.747318169221232,High
8634-MPHTR,0.8150535386844684,High
2669-QVCRG,0.4993920171867406,Medium
2478-EEWWM,0.38387962097545947,Medium
9174-IHETN,0.17412769833718048,Low
2233-TXSIU,0.32470872615610935,Medium
9644-UMGQA,0.6143131879057061,High
3256-EZDBI,0.22773380314647695,Low
8761-NSOBC,0.6582177060647799,High
0419-YAAPX,0.5299267861279504,Medium
8413-VONUO,0.8895482394350714,High
0872-CASZJ,0.10270207627957592,Low
4726-DLWQN,0.28611784231812454,Low
8164-OCKUJ,0.017832262409274387,Low
3094-JOJAI,0.7707368913280764,High
9494-MRNYX,0.8574892713196229,High
2599-CZABP,0.46627652430676597,Medium
7945-PRBVF,0.04432365158641662,Low
4544-RXFMG,0.4390095212457231,Medium
0859-YGKFW,0.16452351891957637,Low
1150-FTQGN,0.276907092166618,Low
9223-UCPVT,0.9048329370696141,High
7196-LIWRH,0.1488863258476959,Low
5448-VWNAM,0.40856307238743333,Medium
1177-XZBJL,0.07811089432840997,Low
3518-FSTWG,0.1922993888037934,Low
9330-VOFSZ,0.22193007694298109,Low
4351-QLCSU,0.7048591433166335,High
0939-EREMR,0.4764340989976098,Medium
9389-ACWBI,0.7849899407020936,High
5419-JPRRN,0.9206042660043401,High
3644-QXEHN,0.87045342003208,High
2911-IJORQ,0.20327795366536802,Low
5921-NGYRH,0.2931194710249753,Low
2100-BDNSN,0.6476286522488025,High
5998-DZLYR,0.1625471132284685,Low
0488-GSLFR,0.8630644085844048,High
9318-NKNFC,0.4736819895167479,Medium
3985-HOYPM,0.13022106205031855,Low
9728-FTTVZ,0.8636982092171446,High
9548-LERKT,0.07463749842365942,Low
6576-FBXOJ,0.5011060305622136,Medium
4310-KEDTB,0.4542220297748561,Medium
7254-IQWOZ,0.8627465794524666,High
2474-BRUCM,0.7749318090771133,High
4062-HBMOS,0.7454262538879117,High
0742-NXBGR,0.8295151523504883,High
2676-ISHSF,0.46721203393321853,Medium
9236-NDUCW,0.10861199643842417,Low
4753-PADAS,0.38052095230826805,Medium
6103-QCKFX,0.15853036172584148,Low
7781-EWARA,0.12123279569272337,Low
6110-OHIHY,0.8816125369983757,High
7018-FPXHH,0.03731886154057154,Low
5889-LFOLL,0.877733636714486,High
5708-EVONK,0.45216421637580556,Medium
8708-XPXHZ,0.8150740806972598,High
0616-ATFGB,0.7988883663839799,High
0572-ZJKLT,0.19320003468523678,Low
5135-RDDQL,0.031227578283617927,Low
1353-LJWEM,0.5344295907144379,Medium
1794-SWWKL,0.5008519037410859,Medium
6166-YIPFO,0.04494516344647905,Low
7016-BPGEU,0.41350646541288977,Medium
6876-ADESB,0.7364985987807645,High
9332-GYWLO,0.7512268059360454,High
1963-SVUCV,0.7411726080571688,High
4184-VODJZ,0.4261259375589945,Medium
0220-EBGCE,0.878704866420024,High
1092-WPIVQ,0.11721551595388525,Low
7233-IOQNP,0.16751812746944467,Low
2834-JKOOW,0.20309718355743636,Low
2754-VDLTR,0.9068796188608895,High
2400-FEQME,0.021005207768489898,Low
3190-XFANI,0.46012690750901386,Medium
7551-DACSP,0.5781970866462626,Medium
4957-SREEC,0.010579969742750486,Low
7235-NXZCP,0.8634148235513552,High
0230-UBYPQ,0.04858543220068576,Low
4923-ADWXJ,0.39623578367465623,Medium
1763-KUAAW,0.18672117696492238,Low
1104-TNLZA,0.8165146637386967,High
5195-KPUNQ,0.23710504254961165,Low
0520-FDVVT,0.5183523928707665,Medium
3439-GVUSX,0.708264267354475,High
1444-VVSGW,0.23737578924044245,Low
5712-PTIWW,0.8016487443479198,High
5949-HGVJL,0.5641302914484142,Medium
5203-XEHAX,0.24639676778791864,Low
1635-HDGFT,0.08997975295563453,Low
3315-TOTBP,0.7799629193943095,High
8050-XGRVL,0.06412459953822555,Low
6661-HBGWL,0.7394781491084854,High
1518-VOWAV,0.6669657178635029,High
9828-QHFBK,0.44802007827023055,Medium
3908-MKIMJ,0.03807568887386047,Low
5012-YSPJJ,0.3187614871959882,Medium
5909-ECHUI,0.7818632860895266,High
1309-BXVOQ,0.8341280649178084,High
6728-VOIFY,0.44085998285921946,Medium
9317-WZPGV,0.858067859016123,High
4891-NLUBA,0.05954336630275484,Low
2856-HYAPG,0.8648537595988739,High
8969-PRHFK,0.17487914382963404,Low
0661-KQHNK,0.25102447764177804,Low
8709-KRDVL,0.8243753160592945,High
4488-PSYCG,0.305102144149786,Medium
1427-VERSM,0.6241924329834416,High
9801-NOSHQ,0.1445629870049815,Low
6339-YPSAH,0.8268140350862775,High
3621-CEOVK,0.8979125954072057,High
6906-ANDWJ,0.7734746824168874,High
2159-TURXX,0.41290247092865484,Medium
1548-FEHVL,0.60666579086069,High
3795-CAWEX,0.1368697569891676,Low
6215-NQCPY,0.8532283699232762,High
5647-URDKA,0.13717327710865893,Low
2229-DPMBI,0.13841303390102275,Low
9626-WEQRM,0.5849259502727023,Medium
2188-SXWVT,0.1474075625223244,Low
6258-PVZWJ,0.052257793513479485,Low
1094-BKOSX,0.13791378479977276,Low
6969-MVBAI,0.897133391591173,High
2978-XXSOG,0.36436898821213276,Medium
2342-CKIAO,0.4566239594073446,Medium
6953-PBDIN,0.04857075150369599,Low
3898-BSJYF,0.3361305688790573,Medium
3938-YFPXD,0.049128682481318825,Low
7696-AMHOD,0.21001432377619145,Low
2453-SAFNS,0.16263647197098033,Low
9558-IHEZX,0.1641107800103569,Low
9617-UDPEU,0.15031159259043175,Low
6340-DACFT,0.024522799588908444,Low
4955-VCWBI,0.0661416178113113,Low
6813-GZQCG,0.04007877356161505,Low
7426-GSWPO,0.5323262914586337,Medium
3389-KTRXV,0.10068594130926352,Low
3118-UHVVQ,0.01596486137986481,Low
1031-IIDEO,0.8601815673204251,High
5832-XKAES,0.8020646614097959,High
3205-MXZRA,0.2572096332569081,Low
4701-AHWMW,0.262307744336093,Low
8317-BVKSO,0.4185085469896342,Medium
5702-KVQRD,0.055155923653734534,Low
0083-PIVIK,0.11776931879232498,Low
9210-IAHGH,0.6316402666728709,High
6169-PGNCD,0.03617232780841781,Low
0023-XUOPT,0.8539118121797257,High
4592-IWTJI,0.5801092403792862,Medium
4909-JOUPP,0.20150916219970055,Low
4657-FWVFY,0.651891711021082,High
2257-BOVXD,0.5749406112408696,Medium
7729-JTEEC,0.7367340746079029,High
7632-MNYOY,0.3731880975910023,Medium
6518-LGAOV,0.7710569986846347,High
7242-QZLXF,0.7722420398828808,High
4576-CSAJH,0.20959085245150744,Low
1000-AJSLD,0.46810383563517827,Medium
9696-RMYBA,0.8286442217644217,High
8690-UPCZI,0.21604580599642373,Low
1062-LHZOD,0.815123070008228,High
9770-LXDBK,0.44568251882238713,Medium
4086-WITJG,0.009883497714601385,Low
8344-WFMFH,0.6482975681457098,High
9600-NAXZN,0.7871848036551403,High
8822-KNBHV,0.20210815524732537,Low
8404-FYDIB,0.5808460486314987,Medium
2791-SFVEW,0.3749756378196294,Medium
6457-USBER,0.8868734870618082,High
6762-NSODU,0.029364613213766995,Low
4662-EKDPQ,0.742668269327683,High
9248-OJYKK,0.8998093229140538,High
9888-ZCUMM,0.04230539400982202,Low
3398-FSHON,0.875478551532532,High
3319-DWOEP,0.9045243607889252,High
1074-WVEVG,0.03519538656928682,Low
9979-RGMZT,0.7137982019806052,High
6437-UDQJM,0.07048506602724844,Low
1226-IENZN,0.856572296765171,High
2108-GLPQB,0.49746848943601446,Medium
9259-PACGQ,0.3342762980942194,Medium
4415-IJZTP,0.8885649022243444,High
1465-VINDH,0.8516931895983376,High
5474-LAMUQ,0.1399405087417978,Low
3468-DRVQJ,0.47733665637464173,Medium
1122-YJBCS,0.046483398523567275,Low
4990-ALDGW,0.018834685376669148,Low
4816-OKWNX,0.3597823855977959,Medium
3315-IKYZQ,0.18944492557462872,Low
2810-FTLEM,0.5190754508529108,Medium
4747-LCAQL,0.37748835497611016,Medium
3411-WLRSQ,0.7975950800729876,High
0898-XCGTF,0.437143692537097,Medium
8006-PYCSW,0.457449322274744,Medium
8249-THVEC,0.04857876371045287,Low
8722-PRFDV,0.05021272021016891,Low
2164-SOQXL,0.2811726418287275,Low
4020-KIUDI,0.40463877818676386,Medium
5850-BDWCY,0.4151346608482606,Medium
2038-YSEZE,0.27053580227623253,Low
0827-ITJPH,0.04437939987030558,Low
8799-OXZMD,0.4314471695239701,Medium
1925-TIBLE,0.8889543729225257,High
1705-GUHPV,0.020500544687918936,Low
4779-ZGICK,0.037549042411844945,Low
0048-PIHNL,0.0486762029584084,Low
0818-OCPZO,0.7767603137494788,High
3967-KXAPS,0.04634022328775455,Low
1447-GIQMR,0.8638036021406462,High
3704-IEAXF,0.04027979907186176,Low
6810-VCAEX,0.06799065513790274,Low
0674-EYYZV,0.7824434905467924,High
4480-MBMLB,0.5895966042857909,Medium
1395-OFUWC,0.25998776450536065,Low
0822-QGCXA,0.6478876692903355,High
0872-NXJYS,0.8632482642569694,High
2832-KJCRD,0.773935126107707,High
3588-WSTTJ,0.8035960273224193,High
4075-WKNIU,0.31873134516659957,Medium
5090-EMGTC,0.18926320005859684,Low
2346-CZYIL,0.062254601320470476,Low
3798-EPWRR,0.7670704930291169,High
6258-NGCNG,0.4714373504018669,Medium
4186-ZBUEW,0.2335802586199832,Low
5274-XHAKY,0.5590670138434094,Medium
1442-BQPVU,0.6425964067128851,High
3978-YNKDD,0.08639336989294101,Low
4940-KHCWD,0.022173705552029296,Low
9412-ARGBX,0.17733861082185848,Low
1389-CXMLU,0.9103791442554335,High
9589-ABEPT,0.1427449738641454,Low
9388-ZEYVT,0.22927146107975402,Low
0305-SQECB,0.2625338304544739,Low
7605-SNLQG,0.267801168243526,Low
4670-TABXH,0.17343782109347833,Low
5561-NWEVX,0.8965934636430862,High
0064-SUDOG,0.11201850057821937,Low
8561-NMTBD,0.31971447627806626,Medium
5161-XEUVX,0.2996961417098054,Low
8292-FRFZQ,0.09205034687756139,Low
8591-NXRCV,0.2825741218769436,Low
7895-VONWT,0.6907180230125495,High
4526-RMTLL,0.18956826937692037,Low
6253-GNHWH,0.02471942477128644,Low
4566-NECEV,0.8776344785429072,High
8080-POTJR,0.3335885619982383,Medium
6906-MPARY,0.3393989455112715,Medium
3662-FXJFO,0.02135126660791954,Low
8107-RZLNV,0.21908275440039765,Low
0516-OOHAR,0.5652644721338058,Medium
2027-CWDNU,0.7735073997457188,High
2737-WFVYW,0.8376968001404109,High
9912-OMZDS,0.540852357299518,Medium
3733-ZEECP,0.48590627355558574,Medium
7878-RTCZG,0.4689958411517119,Medium
2452-MRMZF,0.015545557252136343,Low
2272-QAGFO,0.8629454490350146,High
7103-IPXPJ,0.5535980892246928,Medium
4342-HFXWS,0.09526157206148528,Low
3545-CNWRG,0.7609787157360297,High
1785-BPHTP,0.7670509632999494,High
4989-LIXVT,0.6112319813930003,High
7315-WYOAW,0.8638349791395169,High
1173-XZPYF,0.8777323317071619,High
9850-OWRHQ,0.8346448528032786,High
3768-NLUBH,0.7666360931307775,High
8676-TRMJS,0.8391000559249775,High
2509-TFPJU,0.01314197196423611,Low
9530-GRMJG,0.09961770038031231,Low
6898-RBTLU,0.11781784885025653,Low
5481-NTDOH,0.36508115731683366,Medium
2068-WWXQZ,0.028713389099254416,Low
7359-SSBJK,0.033638811443219736,Low
2061-VVFST,0.15500766363747812,Low
0685-MLYYM,0.8747197295422952,High
0749-IRGQE,0.7975456665914743,High
2380-DAMQP,0.18770440940935468,Low
2256-YLYLP,0.058362532385669935,Low
1272-ILHFG,0.19356248376871663,Low
0164-XAIRP,0.07116070559322994,Low
5666-CYCYZ,0.7923976033309024,High
4011-ARPHK,0.3415108213167043,Medium
8182-PNAGI,0.47270621272747887,Medium
6365-HITVU,0.03577885979556215,Low
7558-IMLMT,0.012592229235102876,Low
9488-FYQAU,0.2101482490641006,Low
3590-TCXTB,0.46698911601598336,Medium
6994-KERXL,0.765059418910451,High
7957-RYHQD,0.4626615330705918,Medium
2180-DXNEG,0.8712456403448015,High
1960-UOTYM,0.11146827337495611,Low
2740-JFBOK,0.5242239120005279,Medium
6500-JVEGC,0.24078273343137716,Low
5515-AKOAJ,0.6923054508227654,High
8976-OQHGT,0.5147487845933811,Medium
5245-VDBUR,0.09033299725483208,Low
6230-BSUXY,0.8983468606246964,High
8469-SNFFH,0.06456719776654272,Low
2144-ESWKO,0.11504721653182072,Low
1241-FPMOF,0.023711368900496844,Low
9928-BZVLZ,0.17746624019255586,Low
4114-QMKVN,0.12624773640962708,Low
2775-SEFEE,0.20167607568924037,Low
9003-CPATH,0.6859669910830464,High
1754-GKYPY,0.8103201342632798,High
5294-CDGWY,0.2019838426019767,Low
7956-XQWGU,0.21454821410483227,Low
1591-MQJTP,0.39080518764907807,Medium
5295-PCJOO,0.6297917240246922,High
2369-FEVNO,0.4689958411517119,Medium
9863-JZAIC,0.4355789383578603,Medium
7471-MQPOS,0.10233086661869922,Low
7660-HDPJV,0.8636982092171446,High
5115-SQAAU,0.014559136779450218,Low
9845-QOMAD,0.19992713802051024,Low
7672-VFMXZ,0.15342049406548441,Low
9739-JLPQJ,0.13677530062489132,Low
9916-AYHTC,0.026353657667215674,Low
3855-ONCAR,0.8353142078312257,High
1488-SYSFC,0.25848427114349254,Low
7931-PXHFC,0.20156371031530784,Low
3990-QYKBE,0.8520943763738958,High
0970-QXPXW,0.47011112604577004,Medium
3259-KNMRR,0.13943809798291368,Low
6120-RJKLU,0.05542584353714748,Low
9572-WUKSB,0.6876707577117885,High
5893-KCLGT,0.010506747704173624,Low
0076-LVEPS,0.23556607428878276,Low
3640-JQGJG,0.5507279658770768,Medium
4919-MOAVT,0.8552375844595934,High
1596-OQSPS,0.624658602807342,High
9867-XOBQA,0.12151287186686693,Low
9546-KDTRB,0.3338834675593921,Medium
3090-HAWSU,0.17798738456025698,Low
9820-RMCQV,0.47046690992747286,Medium
3174-RKMOW,0.758229293842582,High
1760-CAZHT,0.23577214691060966,Low
7839-QRKXN,0.4676579089541269,Medium
8441-SHIPE,0.01637036191194776,Low
5204-QZXPU,0.6685126813091354,High
4597-ELFTS,0.07155284590169965,Low
1320-GVNHT,0.16775891210784258,Low
1047-RNXZV,0.03474981926574835,Low
3541-ZNUHK,0.4758614675573662,Medium
8450-JOVAH,0.6112551302656086,High
8725-JEDFD,0.6555064996468566,High
7562-UXTPG,0.7481442908983412,High
8071-SBTRN,0.18083985102674638,Low
1113-IUJYX,0.47951622514676473,Medium
6668-CNMFP,0.5838041658191886,Medium
5626-MGTUK,0.723237907149166,High
5681-LLOEI,0.2604103808465762,Low
8212-DJRCH,0.7557293092246413,High
4323-OHFOW,0.33162082607880705,Medium
4933-BSAIP,0.039340193207746586,Low
2030-BTZRO,0.13999287569257415,Low
1116-DXXDF,0.35389896083658234,Medium
9274-CNFMO,0.8938503299408767,High
7758-XKCBS,0.5749285832912535,Medium
8992-JQYUN,0.8360964279044192,High
6563-VNPMN,0.3419871784721222,Medium
0617-AQNWT,0.04563459081688847,Low
2267-WTPYD,0.5924900342258034,Medium
0270-THENM,0.0223564650056522,Low
2446-PLQVO,0.8613621457864876,High
4707-MAXGU,0.013140616251692683,Low
2710-WYVXG,0.18391335553103022,Low
3005-NFMTA,0.7135429150643773,High
6300-BWMJX,0.5761215294391442,Medium
8784-CGILN,0.7900170021988203,High
5389-FFVKB,0.7053443316960019,High
7009-LGECI,0.529700842491093,Medium
8444-WRIDW,0.42280021069334345,Medium
5022-KVDQT,0.7755196961389387,High
7976-CICYS,0.4208666703245784,Medium
1036-GUDCL,0.1663404221273915,Low
2005-DWQZJ,0.1404045105706651,Low
8148-WOCMK,0.13110078116838084,Low
7815-PDTHL,0.04740660601427855,Low
9451-LPGOO,0.8916783411318961,High
9173-IVZVP,0.022716393046066905,Low
9129-UXERG,0.7934521224105217,High
3635-JBPSG,0.27448606136694975,Low
7964-ZRKKG,0.2988003422274203,Low
5868-YWPDW,0.8742460153729996,High
6229-LSCKB,0.8870960783730513,High
2025-JKFWI,0.8215084170661693,High
4078-SAYYN,0.9013373732871599,High
1724-IQWNM,0.4716730240114447,Medium
8217-QYOHV,0.4422763242912331,Medium
5546-QUERU,0.20513762906593852,Low
9940-HPQPG,0.6876167826966614,High
6897-UUBNU,0.6009082605896928,High
6127-IYJOZ,0.6997114918458037,High
6618-RYATB,0.8424671933401728,High
8930-XOTDP,0.5807039004642086,Medium
5916-QEWPT,0.7410271552891083,High
5060-TQUQN,0.5838034258232336,Medium
0531-XBKMM,0.02618498659651001,Low
8465-SBRXP,0.2837692968818901,Low
2408-PSJVE,0.2131289885845483,Low
9079-YEXQJ,0.6691978219684446,High
9700-ZCLOT,0.4575229555015976,Medium
8738-JOKAR,0.11953497549255959,Low
4534-WGCIR,0.023554595047802395,Low
1930-WNXSB,0.6452462841507154,High
2685-SREOM,0.8366514083606351,High
3508-CFVZL,0.14479944630375993,Low
0402-CQAJN,0.733067759735529,High
6692-UDPJC,0.8237781699174912,High
1273-MTETI,0.9132619926873584,High
0657-DOGUM,0.09920822117514091,Low
5480-HPRRX,0.7844778882165099,High
8792-AOROI,0.18568972145540705,Low
0295-PPHDO,0.925318107459658,High
5146-YYFRZ,0.011887713611691565,Low
1195-OIYEJ,0.8730639800077221,High
5906-CVLHP,0.10422204556030168,Low
3452-SRFEG,0.5476548499058358,Medium
4070-OKWVH,0.582259455455281,Medium
5297-MDOIR,0.1680161372798449,Low
6369-MCAKO,0.05262549853671966,Low
4926-UMJZD,0.32322891324568126,Medium
6848-HJTXY,0.013483252199239307,Low
6341-AEVKX,0.3262616639334221,Medium
4501-EQDRN,0.8076664846882264,High
2990-HWIML,0.8972190109469053,High
0682-USIXD,0.7502672396288966,High
6976-BWGLQ,0.013067383506406273,Low
7078-NVFAM,0.35363524103495303,Medium
8065-QBYTO,0.1977796525788099,Low
2133-TSRRM,0.6129661690609751,High
7384-GHBPI,0.7997716545486534,High
7603-USHJS,0.7923330407289789,High
7234-FECYN,0.9184742936354586,High
2511-ALLCS,0.058799806151430295,Low
3191-CSNMG,0.878200603746158,High
7952-OBOYL,0.7743707246793199,High
7470-DYNOE,0.22655408436238708,Low
7853-OETYL,0.6680059364586381,High
1545-ACTAS,0.3855225004801434,Medium
5876-HZVZM,0.4710811850540697,Medium
1400-MMYXY,0.9174947859824428,High
5126-RCXYW,0.05958753202894112,Low
3085-QUOZK,0.6739458857506019,High
2363-BJLSL,0.21656819737477315,Low
1956-YIFGE,0.6109657719846433,High
3926-CUQZX,0.6577258481453074,High
7921-LMDFQ,0.4923777459140539,Medium
2925-MXLSX,0.32220223581296387,Medium
5820-PTRYM,0.08459179422363257,Low
9609-BENEA,0.30993693401370503,Medium
6211-WHMYA,0.2161475500315304,Low
4459-BBGHE,0.6451911521506287,High
9945-PSVIP,0.07130480274742466,Low
1041-RXHRA,0.5349048788072284,Medium
1750-CSKKM,0.7261391557605738,High
9108-EJFJP,0.5370620339894445,Medium
0530-IJVDB,0.1883689468830315,Low
0508-SQWPL,0.017982464498519948,Low
2215-ZAFGX,0.8858227781770678,High
8213-TAZPM,0.3184377892765267,Medium
7142-HVGBG,0.8099655661810614,High
1304-SEGFY,0.3101771138154432,Medium
7242-EDTYC,0.031201615994844095,Low
2904-GGUAZ,0.08449010389105714,Low
8267-ZNYVZ,0.48881671111093594,Medium
5136-GFPMB,0.5972608773351694,Medium
2595-KIWPV,0.06266568958980044,Low
5243-SAOTC,0.47890419996501743,Medium
9398-MMQTO,0.771302021097473,High
7619-PLRLP,0.13643557783375515,Low
6457-GIRWB,0.8633816182834222,High
6508-NJYRO,0.19471351562496228,Low
1450-SKCVI,0.4904858149154915,Medium
4710-NKCAW,0.45587551685509375,Medium
5306-BVTKJ,0.12544973429469392,Low
0357-NVCRI,0.22918212793380807,Low
5570-PTWEH,0.831665648018196,High
2371-KFUOG,0.2932030321793363,Low
0463-ZSDNT,0.631086378433449,High
6502-MJQAE,0.8628525913634609,High
6257-DTAYD,0.1768150404387921,Low
4616-ULAOA,0.20414839812217508,Low
7693-LCKZL,0.855835566544274,High
7746-AWNQW,0.35050724337974354,Medium
5996-EBTKM,0.05618708715964645,Low
2758-RNWXS,0.41700118552756654,Medium
2314-TNDJQ,0.02031865678164451,Low
2405-LBMUW,0.058391126789302306,Low
3454-JFUBC,0.013425595728666096,Low
0032-PGELS,0.5963918675596851,Medium
9039-ZVJDC,0.4509767107577204,Medium
6797-LNAQX,0.22727886529241897,Low
9013-AQORL,0.2838753419310582,Low
2898-MRKPI,0.37710348297365975,Medium
2750-BJLSB,0.39883236812405076,Medium
3648-GZPHF,0.18408620617521973,Low
2075-RMJIK,0.5360310408096505,Medium
9588-YRFHY,0.025714424284392752,Low
6394-MFYNG,0.67465459339376,High
1564-NTYXF,0.897954029616445,High
9364-YKUVW,0.32751629353207873,Medium
5392-AKEMH,0.6549603769051462,High
2451-YMUXS,0.02886365986939952,Low
3914-FDRHP,0.8080435348464194,High
3078-ZKNTS,0.10884030473578978,Low
1024-KPRBB,0.548246066082356,Medium
4690-PKDQG,0.7517563009777917,High
8155-IBNHG,0.717378953038905,High
0886-QGENL,0.7843400912876078,High
9547-ITEFG,0.8518791297947254,High
1264-FUHCX,0.16066069012454062,Low
7789-CRUVC,0.32207239610017174,Medium
6598-KELSS,0.11216686358464431,Low
8739-WWKDU,0.8328953672810765,High
8685-WHQPW,0.7661130801695771,High
4745-LSPLO,0.46632044169585085,Medium
8083-YTZES,0.8785147053966781,High
7240-FQLHE,0.8165834048331491,High
6664-FPDAC,0.5299361638079184,Medium
9972-VAFJJ,0.3800574542343374,Medium
0422-UXFAP,0.6139341570938502,High
1904-WAJAA,0.18170667319751918,Low
5130-YPIRV,0.03982846095836205,Low
2843-CQMEG,0.4303183206265704,Medium
6439-PKTRR,0.04867720160681292,Low
5351-QESIO,0.7090038895471183,High
0786-VSSUD,0.6306231218458013,High
5568-DMXZS,0.627673292604331,High
8468-FZTOE,0.03447590093936482,Low
6633-SYEUS,0.5685077589944592,Medium
6447-GORXK,0.39520089249853846,Medium
6967-PEJLL,0.15437614594876642,Low
3976-BWUCK,0.6437989104470164,High
5981-ZVXOT,0.6299956331778997,High
1684-FLBGS,0.4747285251443795,Medium
1389-WNUIB,0.40588153406402333,Medium
0376-OIWME,0.7194580148003524,High
3585-ISXZP,0.872927430089848,High
0218-QNVAS,0.3635389767466862,Medium
6583-QGCSI,0.7149444191670838,High
0804-YGEQV,0.08178419996273552,Low
7164-BPTUT,0.0704322234362705,Low
4174-LPGTI,0.15733419434580637,Low
2523-EWWZL,0.702477780319684,High
0928-XUTSN,0.8453563992369839,High
2108-XWMPY,0.5509597518807394,Medium
0052-YNYOT,0.03473472059559844,Low
6304-IJFSQ,0.6158185156018973,High
9586-JGQKH,0.20547393035566414,Low
4501-VCPFK,0.46021560002664375,Medium
6075-SLNIL,0.6729448629403376,High
9347-AERRL,0.1397475276773885,Low
0093-XWZFY,0.7163016027861436,High
2274-XUATA,0.035955621579577136,Low
1980-KXVPM,0.8534089774909354,High
7703-ZEKEF,0.7953525483491144,High
0723-DRCLG,0.9029928277589238,High
5482-NUPNA,0.41612306483275074,Medium
6691-CCIHA,0.08367022950177389,Low
1685-BQULA,0.6564599870052196,High
9053-EJUNL,0.7338651229907817,High
0666-UXTJO,0.6877027943552295,High
1471-GIQKQ,0.7105612291595698,High
4807-IZYOZ,0.02315548516405341,Low
1122-JWTJW,0.813090140777359,High
9710-NJERN,0.040795120099700904,Low
9837-FWLCH,0.4421994111288427,Medium
1699-HPSBG,0.45730775565589543,Medium
7203-OYKCT,0.46224698456263325,Medium
1035-IPQPU,0.7191683677989997,High
7398-LXGYX,0.48178608644692034,Medium
2823-LKABH,0.7382692959508725,High
8775-CEBBJ,0.5913301209156304,Medium
0550-DCXLH,0.5731468662662706,Medium
9281-CEDRU,0.03602544704658887,Low
2235-DWLJU,0.8402537965004087,High
0871-OPBXW,0.45764510182247536,Medium
3605-JISKB,0.10881464191563173,Low
6894-LFHLY,0.9009339744042858,High
9767-FFLEM,0.560236862126995,Medium
0639-TSIQW,0.3861179513011114,Medium
8456-QDAVC,0.7547909873528768,High
7750-EYXWZ,0.5046318986101168,Medium
2569-WGERO,0.00943010603443842,Low
6840-RESVB,0.306169645288519,Medium
2234-XADUH,0.363210172271473,Medium
4801-JZAZL,0.6001441469077772,High
8361-LTMKD,0.856932535299572,High
3186-AJIEK,0.1204343218148432,Low
